half_window_bp	full_window_bp	benchmark_role	n	median_consensus_mean_spmr	min_consensus_mean_spmr	max_consensus_mean_spmr
1000	2001	negative	4	0.07586248822580988	0.041215473602617576	0.4594095294800834
1000	2001	positive	27	0.06890473351336789	0.015935509436312823	4.85138442603753
1000	2001	support_only	6	0.07674940743263456	0.031089084527303076	0.17427244209039813
10000	20001	negative	4	0.07439596778870786	0.048039411570625204	0.0964415318745028
10000	20001	positive	27	0.060652075646150216	0.02720558825498652	1.0757911289374795
10000	20001	support_only	6	0.050762145628089235	0.03930028117058855	0.22762030118939566
50000	100001	negative	4	0.06177724979533928	0.03697151623242278	0.09944217077760181
50000	100001	positive	27	0.082093280015921	0.03436378101746636	0.40242198674777463
50000	100001	support_only	6	0.09276591793188896	0.03738330244869591	0.2546539113913914
