run_accession	study_accession	cell_line	library_layout	selection_reason	count_available
DRR091440	PRJDB5737	CHO-K1	SINGLE	eligible	1
DRR093875	PRJDB5831	CHO-DG44 lgG3SC39	PAIRED	eligible	1
DRR096596	PRJDB5897	CHO-DG44	SINGLE	eligible	1
DRR096599	PRJDB5897	CHO-DG44	SINGLE	eligible	1
DRR099453	PRJDB6126	CHO-S	SINGLE	eligible	1
DRR099455	PRJDB6126	CHO-S	SINGLE	eligible	1
DRR099468	PRJDB6126	CHO-S	SINGLE	eligible	1
DRR099474	PRJDB6126	CHO-S	SINGLE	eligible	1
DRR099476	PRJDB6126	CHO-S	SINGLE	eligible	1
DRR099480	PRJDB6126	CHO-S	SINGLE	eligible	1
DRR099491	PRJDB6126	CHO-S	SINGLE	eligible	1
DRR099500	PRJDB6126	CHO-S	SINGLE	eligible	1
DRR164945	PRJDB7873		SINGLE	eligible	1
DRR164946	PRJDB7873		SINGLE	eligible	1
DRR164951	PRJDB7873		SINGLE	eligible	1
DRR169279	PRJDB7945		SINGLE	eligible	1
DRR169281	PRJDB7945		SINGLE	eligible	1
DRR169284	PRJDB7945		SINGLE	eligible	1
DRR169292	PRJDB7945		SINGLE	eligible	1
DRR169295	PRJDB7945		SINGLE	eligible	1
DRR169300	PRJDB7945		SINGLE	eligible	1
DRR524613	PRJDB17021	CHO-K1	PAIRED	eligible	1
DRR524621	PRJDB17021	CHO-K1	PAIRED	eligible	1
DRR524628	PRJDB17021	CHO-S	PAIRED	eligible	1
DRR706789	PRJDB35724	CHO-HcD6	PAIRED	eligible	1
ERR10745711	PRJEB55916		SINGLE	eligible	1
ERR10745720	PRJEB55916		SINGLE	eligible	1
ERR10745727	PRJEB55916		SINGLE	eligible	1
ERR10745728	PRJEB55916		SINGLE	eligible	1
ERR10745730	PRJEB55916		SINGLE	eligible	1
ERR10745733	PRJEB55916		SINGLE	eligible	1
ERR10745740	PRJEB55916		SINGLE	eligible	1
ERR10745756	PRJEB55916		SINGLE	eligible	1
ERR15000453	PRJEB89701	CHO-K1	PAIRED	eligible	1
ERR15000460	PRJEB89701	CHO-K1	PAIRED	eligible	1
ERR15000466	PRJEB89701	CHO-K1	PAIRED	eligible	1
ERR15000477	PRJEB89701	CHO-K1	PAIRED	eligible	1
ERR15000486	PRJEB89701	CHO-K1	PAIRED	eligible	1
ERR15000540	PRJEB89701	CHO-K1	PAIRED	eligible	1
ERR16729279	PRJEB108721		SINGLE	eligible	1
ERR16729295	PRJEB108721		SINGLE	eligible	1
ERR1983092	PRJEB14303		PAIRED	eligible	1
ERR1983093	PRJEB14303		PAIRED	eligible	1
ERR3001877	PRJEB30364	The European Collection of Authenticated Cell Cultures 85050302	PAIRED	eligible	1
ERR3374020	PRJEB33024	CHO-K1	SINGLE	eligible	1
ERR3374021	PRJEB33024	CHO-K1	SINGLE	eligible	1
ERR359638	PRJEB4847	CHO-K1	PAIRED	eligible	1
ERR3668302	PRJEB35183		PAIRED	eligible	1
ERR3668303	PRJEB35183		PAIRED	eligible	1
ERR3668305	PRJEB35183		PAIRED	eligible	1
ERR3668306	PRJEB35183		PAIRED	eligible	1
ERR3668312	PRJEB35183		PAIRED	eligible	1
ERR4184070	PRJEB38542		SINGLE	eligible	1
ERR4184071	PRJEB38542		SINGLE	eligible	1
ERR4184072	PRJEB38542		SINGLE	eligible	1
ERR4184075	PRJEB38542		SINGLE	eligible	1
ERR4319918	PRJEB39258	Horizon-Discovery CHO-K1 (GS -/-)	PAIRED	eligible	1
ERR4319921	PRJEB39258	Horizon-Discovery CHO-K1 (GS -/-)	PAIRED	eligible	1
ERR4319935	PRJEB39258	Horizon-Discovery CHO-K1 (GS -/-)	PAIRED	eligible	1
ERR4319937	PRJEB39258	Horizon-Discovery CHO-K1 (GS -/-)	PAIRED	eligible	1
ERR7417865	PRJEB48931	CHO-K1	PAIRED	eligible	1
ERR7417868	PRJEB48931	CHO-K1	PAIRED	eligible	1
ERR7417870	PRJEB48931	CHO-K1	PAIRED	eligible	1
SRR10215651	PRJNA575354	CHO-K1	SINGLE	eligible	1
SRR10215656	PRJNA575354	CHO-K1	SINGLE	eligible	1
SRR10669486	PRJNA594947	CHO	SINGLE	eligible	1
SRR10995634	PRJNA604220		PAIRED	eligible	1
SRR10995641	PRJNA604220		PAIRED	eligible	1
SRR10995648	PRJNA604220		PAIRED	eligible	1
SRR10995665	PRJNA604220		PAIRED	eligible	1
SRR10995669	PRJNA604220		PAIRED	eligible	1
SRR10995673	PRJNA604220		PAIRED	eligible	1
SRR10995674	PRJNA604220		PAIRED	eligible	1
SRR10995677	PRJNA604220		PAIRED	eligible	1
SRR10995678	PRJNA604220		PAIRED	eligible	1
SRR10995680	PRJNA604220		PAIRED	eligible	1
SRR10995683	PRJNA604220		PAIRED	eligible	1
SRR10995693	PRJNA604220		PAIRED	eligible	1
SRR11184910	PRJNA599947	VRC01 CHO-K1	PAIRED	eligible	1
SRR11184911	PRJNA599947	VRC01 CHO-K1	PAIRED	eligible	1
SRR11184921	PRJNA599947	VRC01 CHO-K1	PAIRED	eligible	1
SRR11350306	PRJNA613438	CHO-S	SINGLE	eligible	1
SRR11350307	PRJNA613438	CHO-S	SINGLE	eligible	1
SRR11350308	PRJNA613438	CHO-S	SINGLE	eligible	1
SRR11350310	PRJNA613438	CHO-S	SINGLE	eligible	1
SRR11721633	PRJNA630824		SINGLE	eligible	1
SRR11721636	PRJNA630824		SINGLE	eligible	1
SRR11721638	PRJNA630824		SINGLE	eligible	1
SRR11721644	PRJNA630824		SINGLE	eligible	1
SRR11721647	PRJNA630824		SINGLE	eligible	1
SRR11721650	PRJNA630824		SINGLE	eligible	1
SRR11721653	PRJNA630824		SINGLE	eligible	1
SRR12194146	PRJNA645419		PAIRED	eligible	1
SRR12194147	PRJNA645419		PAIRED	eligible	1
SRR12194151	PRJNA645419		PAIRED	eligible	1
SRR12618089	PRJNA662582	CHO	SINGLE	eligible	1
SRR12618092	PRJNA662582	CHO	SINGLE	eligible	1
SRR12618103	PRJNA662582	CHO	SINGLE	eligible	1
SRR12618113	PRJNA662582	CHO	SINGLE	eligible	1
SRR12618121	PRJNA662582	CHO	SINGLE	eligible	1
SRR12618123	PRJNA662582	CHO	SINGLE	eligible	1
SRR12618125	PRJNA662582	CHO	SINGLE	eligible	1
SRR12618136	PRJNA662582	CHO	SINGLE	eligible	1
SRR12618137	PRJNA662582	CHO	SINGLE	eligible	1
SRR15111556	PRJNA746067		PAIRED	eligible	1
SRR15111567	PRJNA746067		PAIRED	eligible	1
SRR15111570	PRJNA746067		PAIRED	eligible	1
SRR15111571	PRJNA746067		PAIRED	eligible	1
SRR15111580	PRJNA746067		PAIRED	eligible	1
SRR1516216	PRJNA255418		SINGLE	eligible	1
SRR1516217	PRJNA255418		SINGLE	eligible	1
SRR15221367	PRJNA749145		PAIRED	eligible	1
SRR15221368	PRJNA749145		PAIRED	eligible	1
SRR15221369	PRJNA749145		PAIRED	eligible	1
SRR15221377	PRJNA749145		PAIRED	eligible	1
SRR15221381	PRJNA749145		PAIRED	eligible	1
SRR15221382	PRJNA749145		PAIRED	eligible	1
SRR15221388	PRJNA749145		PAIRED	eligible	1
SRR15221394	PRJNA749145		PAIRED	eligible	1
SRR15221395	PRJNA749145		PAIRED	eligible	1
SRR15221397	PRJNA749145		PAIRED	eligible	1
SRR15221399	PRJNA749145		PAIRED	eligible	1
SRR15559111	PRJNA742028	Flip-In CHO-K1	SINGLE	eligible	1
SRR15559113	PRJNA742028	Flip-In CHO-K1	SINGLE	eligible	1
SRR15559114	PRJNA742028	Flip-In CHO-K1	SINGLE	eligible	1
SRR15559115	PRJNA742028	Flip-In CHO-K1	SINGLE	eligible	1
SRR16796960	PRJNA778050	CHO-K1	SINGLE	eligible	1
SRR16980326	PRJNA766998		PAIRED	eligible	1
SRR16980327	PRJNA766998		PAIRED	eligible	1
SRR16980329	PRJNA766998		PAIRED	eligible	1
SRR16980330	PRJNA766998		PAIRED	eligible	1
SRR16980331	PRJNA766998		PAIRED	eligible	1
SRR16980333	PRJNA766998		PAIRED	eligible	1
SRR16980342	PRJNA766998		PAIRED	eligible	1
SRR16980352	PRJNA766998		PAIRED	eligible	1
SRR16980357	PRJNA766998		PAIRED	eligible	1
SRR16980361	PRJNA766998		PAIRED	eligible	1
SRR16980373	PRJNA766998		PAIRED	eligible	1
SRR16980375	PRJNA766998		PAIRED	eligible	1
SRR16980376	PRJNA766998		PAIRED	eligible	1
SRR17085240	PRJNA785251	CHO-K1	SINGLE	eligible	1
SRR17085241	PRJNA785251	CHO-K1	SINGLE	eligible	1
SRR17085247	PRJNA785251	CHO-K1	SINGLE	eligible	1
SRR17085248	PRJNA785251	CHO-K1	SINGLE	eligible	1
SRR17085250	PRJNA785251	CHO-K1	SINGLE	eligible	1
SRR17085255	PRJNA785251	CHO-K1	SINGLE	eligible	1
SRR17085262	PRJNA785251	CHO-K1	SINGLE	eligible	1
SRR17085263	PRJNA785251	CHO-K1	SINGLE	eligible	1
SRR17085271	PRJNA785251	CHO-K1	SINGLE	eligible	1
SRR17085275	PRJNA785251	CHO-K1	SINGLE	eligible	1
SRR17085276	PRJNA785251	CHO-K1	SINGLE	eligible	1
SRR17085287	PRJNA785251	CHO-K1	SINGLE	eligible	1
SRR17085296	PRJNA785251	CHO-K1	SINGLE	eligible	1
SRR17085297	PRJNA785251	CHO-K1	SINGLE	eligible	1
SRR17085320	PRJNA785251	CHO-K1	SINGLE	eligible	1
SRR17085326	PRJNA785251	CHO-K1	SINGLE	eligible	1
SRR17085328	PRJNA785251	CHO-K1	SINGLE	eligible	1
SRR17085329	PRJNA785251	CHO-K1	SINGLE	eligible	1
SRR17085330	PRJNA785251	CHO-K1	SINGLE	eligible	1
SRR17085332	PRJNA785251	CHO-K1	SINGLE	eligible	1
SRR17085337	PRJNA785251	CHO-K1	SINGLE	eligible	1
SRR17085339	PRJNA785251	CHO-K1	SINGLE	eligible	1
SRR17085343	PRJNA785251	CHO-K1	SINGLE	eligible	1
SRR18163659	PRJNA810994	CHO-K1 (CCL-61 ATCC)	SINGLE	eligible	1
SRR18163662	PRJNA810994	CHO-K1 (CCL-61 ATCC)	SINGLE	eligible	1
SRR18163667	PRJNA810994	CHO-K1 (CCL-61 ATCC)	SINGLE	eligible	1
SRR18356113	PRJNA817102	CHO	PAIRED	eligible	1
SRR19256302	PRJNA839086	Chinese hamster ovary cells (CHO-S)	PAIRED	eligible	1
SRR23603788	PRJNA938154	Icosagen QMCF	PAIRED	eligible	1
SRR23603790	PRJNA938154	Icosagen QMCF	PAIRED	eligible	1
SRR23603800	PRJNA938154	Icosagen QMCF	PAIRED	eligible	1
SRR23603808	PRJNA938154	Icosagen QMCF	PAIRED	eligible	1
SRR23603822	PRJNA938154	Icosagen QMCF	PAIRED	eligible	1
SRR23603825	PRJNA938154	Icosagen QMCF	PAIRED	eligible	1
SRR23603828	PRJNA938154	Icosagen QMCF	PAIRED	eligible	1
SRR23603829	PRJNA938154	Icosagen QMCF	PAIRED	eligible	1
SRR23603832	PRJNA938154	Icosagen QMCF	PAIRED	eligible	1
SRR23603834	PRJNA938154	Icosagen QMCF	PAIRED	eligible	1
SRR23603840	PRJNA938154	Icosagen QMCF	PAIRED	eligible	1
SRR23603842	PRJNA938154	Icosagen QMCF	PAIRED	eligible	1
SRR23603846	PRJNA938154	Icosagen QMCF	PAIRED	eligible	1
SRR23603850	PRJNA938154	Icosagen QMCF	PAIRED	eligible	1
SRR23603854	PRJNA938154	Icosagen QMCF	PAIRED	eligible	1
SRR23603860	PRJNA938154	Icosagen QMCF	PAIRED	eligible	1
SRR23603870	PRJNA938154	Icosagen QMCF	PAIRED	eligible	1
SRR23603880	PRJNA938154	Icosagen QMCF	PAIRED	eligible	1
SRR23603881	PRJNA938154	Icosagen QMCF	PAIRED	eligible	1
SRR24099909	PRJNA953054	MI5-4 (CHO)	PAIRED	eligible	1
SRR24650918	PRJNA974014	CHOZN GS -/- ZFN Clone 23	PAIRED	eligible	1
SRR24650920	PRJNA974014	CHOZN GS -/- ZFN Clone 23	PAIRED	eligible	1
SRR24650929	PRJNA974014	CHOZN GS -/- ZFN Clone 23	PAIRED	eligible	1
SRR24650931	PRJNA974014	CHOZN GS -/- ZFN Clone 23	PAIRED	eligible	1
SRR24650938	PRJNA974014	CHOZN GS -/- ZFN Clone 23	PAIRED	eligible	1
SRR24650942	PRJNA974014	CHOZN GS -/- ZFN Clone 23	PAIRED	eligible	1
SRR24650944	PRJNA974014	CHOZN GS -/- ZFN Clone 23	PAIRED	eligible	1
SRR24650953	PRJNA974014	CHOZN GS -/- ZFN Clone 23	PAIRED	eligible	1
SRR24650955	PRJNA974014	CHOZN GS -/- ZFN Clone 23	PAIRED	eligible	1
SRR24650959	PRJNA974014	CHOZN GS -/- ZFN Clone 23	PAIRED	eligible	1
SRR24650968	PRJNA974014	CHOZN GS -/- ZFN Clone 23	PAIRED	eligible	1
SRR24650971	PRJNA974014	CHOZN GS -/- ZFN Clone 23	PAIRED	eligible	1
SRR24650974	PRJNA974014	CHOZN GS -/- ZFN Clone 23	PAIRED	eligible	1
SRR24650976	PRJNA974014	CHOZN GS -/- ZFN Clone 23	PAIRED	eligible	1
SRR24650980	PRJNA974014	CHOZN GS -/- ZFN Clone 23	PAIRED	eligible	1
SRR24650983	PRJNA974014	CHOZN GS -/- ZFN Clone 23	PAIRED	eligible	1
SRR24650987	PRJNA974014	CHOZN GS -/- ZFN Clone 23	PAIRED	eligible	1
SRR24650990	PRJNA974014	CHOZN GS -/- ZFN Clone 23	PAIRED	eligible	1
SRR24651000	PRJNA974014	CHOZN GS -/- ZFN Clone 23	PAIRED	eligible	1
ERR3972087	PRJEB37009		SINGLE	eligible	1
ERR3972094	PRJEB37009		SINGLE	eligible	1
SRR18502230	PRJNA820638	CHO (ATCC CCL-61)	PAIRED	eligible	1
SRR18502234	PRJNA820638	CHO (ATCC CCL-61)	PAIRED	eligible	1
SRR3401399	PRJNA318741	CHO-K1	PAIRED	eligible	1
SRR36222941	PRJNA1363687	CHO-K1	PAIRED	eligible	1
SRR36663596	PRJNA1397464		PAIRED	eligible	1
SRR36663601	PRJNA1397464		PAIRED	eligible	1
SRR36699390	PRJNA1399147	CHO-K1	PAIRED	eligible	1
SRR36699394	PRJNA1399147	CHO-K1	PAIRED	eligible	1
SRR10493807	PRJNA590486	3068	SINGLE	eligible	1
SRR10493819	PRJNA590486	3080	SINGLE	eligible	1
SRR10493854	PRJNA590485	3068	SINGLE	eligible	1
SRR10493855	PRJNA590485	3080	SINGLE	eligible	1
SRR10493858	PRJNA590485	3080	SINGLE	eligible	1
SRR10493861	PRJNA590485	3080	SINGLE	eligible	1
SRR10493866	PRJNA590485	3936	SINGLE	eligible	1
SRR10493871	PRJNA590485	3936	SINGLE	eligible	1
SRR22143445	PRJNA896947	VRC01	PAIRED	eligible	1
SRR22143446	PRJNA896947	VRC01	PAIRED	eligible	1
SRR22143447	PRJNA896947	VRC01	PAIRED	eligible	1
SRR22246881	PRJNA899862	CHOZN GS-/-	PAIRED	eligible	1
SRR22246891	PRJNA899862	CHOZN GS-/-	PAIRED	eligible	1
SRR22246896	PRJNA899862	CHOZN GS-/- clone 2	PAIRED	eligible	1
SRR22246901	PRJNA899862	CHOZN GS-/- clone 1	PAIRED	eligible	1
SRR28349049	PRJNA1088164		PAIRED	eligible	0
SRR28349050	PRJNA1088164		PAIRED	eligible	0
SRR28349057	PRJNA1088164		PAIRED	eligible	0
SRR28349062	PRJNA1088164		PAIRED	eligible	1
SRR28349063	PRJNA1088164		PAIRED	eligible	1
SRR2922597	PRJNA302601	CHO-K1	SINGLE	eligible	1
SRR2922602	PRJNA302601	CHO-K1	SINGLE	eligible	1
SRR2922604	PRJNA302601	CHO-K1	SINGLE	eligible	1
SRR2922605	PRJNA302601	CHO-K1	SINGLE	eligible	1
SRR29441693	PRJNA1123849	CHO-K1	PAIRED	eligible	1
SRR29441695	PRJNA1123849	CHO-K1	PAIRED	eligible	1
SRR29441696	PRJNA1123849	CHO-K1	PAIRED	eligible	1
SRR29672913	PRJNA1130622	rCHO DP-12	PAIRED	eligible	1
SRR29672932	PRJNA1130622	CHO K1-PF	PAIRED	eligible	1
SRR2968323	PRJNA304606		PAIRED	eligible	1
SRR3161765	PRJNA311594	CHO-S	PAIRED	eligible	1
SRR3161770	PRJNA311594	CHO-S	PAIRED	eligible	1
SRR3161778	PRJNA311594	CHO-S	PAIRED	eligible	1
SRR3161784	PRJNA311594	CHO-S	PAIRED	eligible	1
SRR3161789	PRJNA311594	CHO-S	PAIRED	eligible	1
SRR3161793	PRJNA311594	CHO-S	PAIRED	eligible	1
SRR3161796	PRJNA311594	CHO-S	PAIRED	eligible	1
SRR3284457	PRJNA316065		SINGLE	eligible	1
SRR3284458	PRJNA316065		SINGLE	eligible	1
SRR33198158	PRJNA1252143	CHO-S	PAIRED	eligible	1
SRR33198160	PRJNA1252143	CHO-S	PAIRED	eligible	1
SRR33198161	PRJNA1252143	CHO-S	PAIRED	eligible	1
SRR33198166	PRJNA1252143	CHO-S	PAIRED	eligible	1
SRR33198168	PRJNA1252143	CHO-S	PAIRED	eligible	1
SRR33309095	PRJNA1254963	CHO-S	PAIRED	eligible	1
SRR33309100	PRJNA1254963	CHO-S	PAIRED	eligible	1
SRR33309101	PRJNA1254963	CHO-S	PAIRED	eligible	1
SRR33309103	PRJNA1254963	CHO-S	PAIRED	eligible	1
SRR33309109	PRJNA1254963	CHO-S	PAIRED	eligible	1
SRR33309113	PRJNA1254963	CHO-S	PAIRED	eligible	1
SRR33309114	PRJNA1254963	CHO-S	PAIRED	eligible	1
SRR33309115	PRJNA1254963	CHO-S	PAIRED	eligible	1
SRR33309118	PRJNA1254963	CHO-S	PAIRED	eligible	1
SRR33309126	PRJNA1254963	CHO-S	PAIRED	eligible	1
SRR35653648	PRJNA1335855		PAIRED	eligible	1
SRR38262918	PRJNA1282762		SINGLE	eligible	1
SRR3946106	PRJNA330832		SINGLE	eligible	1
SRR3946108	PRJNA330832		SINGLE	eligible	1
SRR3946110	PRJNA330832		SINGLE	eligible	1
SRR39497723	PRJNA1489724	CHO DG44	PAIRED	eligible	1
SRR39499716	PRJNA1489724	CHO DG44	PAIRED	eligible	1
SRR39505007	PRJNA1489724	CHO DG44	PAIRED	eligible	1
SRR39505009	PRJNA1489724	CHO DG44	PAIRED	eligible	1
SRR39506912	PRJNA1489724	CHO DG44	PAIRED	eligible	1
SRR39506913	PRJNA1489724	CHO DG44	PAIRED	eligible	1
SRR39561849	PRJNA1492564	CHO-S/HB8-Ags#18	PAIRED	eligible	0
SRR39561858	PRJNA1492564	CHO-S/HB8-Ags#18	PAIRED	eligible	0
SRR40188913	PRJNA1497331		PAIRED	eligible	1
SRR40310829	PRJNA1516528	EACC CHO K1	PAIRED	eligible	1
SRR7770748	PRJNA488640		PAIRED	eligible	1
SRR7779168	PRJNA489076		PAIRED	eligible	1
SRR7779171	PRJNA489076		PAIRED	eligible	1
SRR7779172	PRJNA489076		PAIRED	eligible	1
SRR7779174	PRJNA489076		PAIRED	eligible	1
SRR7779177	PRJNA489076		PAIRED	eligible	1
SRR7779184	PRJNA489076		PAIRED	eligible	1
SRR7779186	PRJNA489076		PAIRED	eligible	1
SRR7779198	PRJNA489076		PAIRED	eligible	1
SRR7779200	PRJNA489076		PAIRED	eligible	1
SRR7779202	PRJNA489076		PAIRED	eligible	1
SRR5812569	PRJNA393479		PAIRED	eligible	1
SRR5812575	PRJNA393479		PAIRED	eligible	1
SRR5812576	PRJNA393479		PAIRED	eligible	1
SRR5812581	PRJNA393479		PAIRED	eligible	1
SRR6232157	PRJNA319417		PAIRED	eligible	1
SRR6232300	PRJNA319417		PAIRED	eligible	1
SRR8165626	PRJNA504034		PAIRED	eligible	1
SRR8165637	PRJNA504034		PAIRED	eligible	1
SRR8165657	PRJNA504034		PAIRED	eligible	0
SRR8165665	PRJNA504034		PAIRED	eligible	1
SRR8165671	PRJNA504034		PAIRED	eligible	1
SRR9137503	PRJNA545135		PAIRED	eligible	1
SRR9151761	PRJNA545309	LR73	PAIRED	eligible	1
SRR9151762	PRJNA545309	LR73	PAIRED	eligible	1
SRR9151765	PRJNA545309	LR73	PAIRED	eligible	1
SRR9621001	PRJNA551666	antibody-producing CHO DG44 cell line	SINGLE	eligible	1
SRR9621016	PRJNA551666	antibody-producing CHO DG44 cell line	SINGLE	eligible	1
SRR9621024	PRJNA551666	antibody-producing CHO DG44 cell line	SINGLE	eligible	1
SRR9621053	PRJNA551666	amplified progeny of cell line of antibody-producing CHO DG44	SINGLE	eligible	1
SRR9621059	PRJNA551666	amplified progeny of cell line of antibody-producing CHO DG44	SINGLE	eligible	1
SRR9621066	PRJNA551666	CHO-S cell line	SINGLE	eligible	1
SRR9621067	PRJNA551666	CHO-S cell line	SINGLE	eligible	1
SRR9621071	PRJNA551666	CHO-S cell line	SINGLE	eligible	1
SRR9621073	PRJNA551666	CHO-S cell line	SINGLE	eligible	1
SRR9621082	PRJNA551666	CHO-S cell line	SINGLE	eligible	1
SRR9621084	PRJNA551666	CHO-S cell line	SINGLE	eligible	1
SRR9703435	PRJNA555245	CHO	SINGLE	eligible	1
DRR091430	PRJDB5737	CHO-K1	SINGLE	eligible	1
DRR096597	PRJDB5897	CHO-DG44	SINGLE	eligible	1
DRR096598	PRJDB5897	CHO-DG44	SINGLE	eligible	1
DRR096601	PRJDB5898	CHO-K1	SINGLE	eligible	1
DRR096603	PRJDB5898	CHO-K1	SINGLE	eligible	1
DRR099458	PRJDB6126	CHO-S	SINGLE	eligible	1
DRR099460	PRJDB6126	CHO-S	SINGLE	eligible	1
DRR099464	PRJDB6126	CHO-S	SINGLE	eligible	1
DRR099473	PRJDB6126	CHO-S	SINGLE	eligible	1
DRR099477	PRJDB6126	CHO-S	SINGLE	eligible	1
DRR099481	PRJDB6126	CHO-S	SINGLE	eligible	1
DRR099483	PRJDB6126	CHO-S	SINGLE	eligible	1
DRR099485	PRJDB6126	CHO-S	SINGLE	eligible	1
DRR099489	PRJDB6126	CHO-S	SINGLE	eligible	1
DRR099493	PRJDB6126	CHO-S	SINGLE	eligible	1
DRR099494	PRJDB6126	CHO-S	SINGLE	eligible	1
DRR099495	PRJDB6126	CHO-S	SINGLE	eligible	1
DRR164941	PRJDB7873		SINGLE	eligible	1
DRR164942	PRJDB7873		SINGLE	eligible	1
DRR164950	PRJDB7873		SINGLE	eligible	1
DRR169271	PRJDB7945		SINGLE	eligible	1
DRR169272	PRJDB7945		SINGLE	eligible	1
DRR169278	PRJDB7945		SINGLE	eligible	1
DRR169297	PRJDB7945		SINGLE	eligible	1
DRR169303	PRJDB7945		SINGLE	eligible	1
DRR524604	PRJDB17021	CHO-S	PAIRED	eligible	1
DRR524608	PRJDB17021	CHO-S	PAIRED	eligible	1
DRR524616	PRJDB17021	CHO-S	PAIRED	eligible	1
DRR706781	PRJDB35724	CHO-DG44	PAIRED	eligible	1
DRR706788	PRJDB35724	CHO-HcD6	PAIRED	eligible	1
ERR10745714	PRJEB55916		SINGLE	eligible	1
ERR10745718	PRJEB55916		SINGLE	eligible	1
ERR10745724	PRJEB55916		SINGLE	eligible	1
ERR10745725	PRJEB55916		SINGLE	eligible	1
ERR10745736	PRJEB55916		SINGLE	eligible	1
ERR10745739	PRJEB55916		SINGLE	eligible	1
ERR10745742	PRJEB55916		SINGLE	eligible	1
ERR10745743	PRJEB55916		SINGLE	eligible	1
ERR10745750	PRJEB55916		SINGLE	eligible	1
ERR10745755	PRJEB55916		SINGLE	eligible	1
ERR15000457	PRJEB89701	CHO-K1	PAIRED	eligible	1
ERR15000458	PRJEB89701	CHO-K1	PAIRED	eligible	1
ERR15000461	PRJEB89701	CHO-K1	PAIRED	eligible	1
ERR15000462	PRJEB89701	CHO-K1	PAIRED	eligible	1
ERR15000469	PRJEB89701	CHO-K1	PAIRED	eligible	1
ERR15000470	PRJEB89701	CHO-K1	PAIRED	eligible	1
ERR15000472	PRJEB89701	CHO-K1	PAIRED	eligible	1
ERR15000474	PRJEB89701	CHO-K1	PAIRED	eligible	1
ERR15000478	PRJEB89701	CHO-K1	PAIRED	eligible	1
ERR15000530	PRJEB89701	CHO-K1	PAIRED	eligible	1
ERR16729275	PRJEB108721		SINGLE	eligible	1
ERR16729282	PRJEB108721		SINGLE	eligible	1
ERR16729290	PRJEB108721		SINGLE	eligible	1
ERR1983094	PRJEB14303		PAIRED	eligible	1
ERR1983095	PRJEB14303		PAIRED	eligible	1
ERR2593198	PRJEB9291		PAIRED	eligible	1
ERR3001883	PRJEB30364		PAIRED	eligible	1
ERR3001884	PRJEB30364		PAIRED	eligible	1
ERR3001891	PRJEB30364		PAIRED	eligible	1
ERR3001892	PRJEB30364		PAIRED	eligible	1
ERR3001894	PRJEB30364		PAIRED	eligible	1
ERR3374027	PRJEB33024	CHO-K1	SINGLE	eligible	1
ERR3374028	PRJEB33024	CHO-K1	SINGLE	eligible	1
ERR3374029	PRJEB33024	CHO-K1	SINGLE	eligible	1
ERR359637	PRJEB4847	CHO-K1	PAIRED	eligible	1
ERR3668300	PRJEB35183		PAIRED	eligible	1
ERR3668301	PRJEB35183		PAIRED	eligible	1
ERR3668307	PRJEB35183		PAIRED	eligible	1
ERR3668308	PRJEB35183		PAIRED	eligible	1
ERR4184074	PRJEB38542		SINGLE	eligible	1
ERR4319914	PRJEB39258	Horizon-Discovery CHO-K1 (GS -/-)	PAIRED	eligible	1
ERR4319922	PRJEB39258	Horizon-Discovery CHO-K1 (GS -/-)	PAIRED	eligible	1
ERR4319923	PRJEB39258	Horizon-Discovery CHO-K1 (GS -/-)	PAIRED	eligible	1
ERR4319925	PRJEB39258	Horizon-Discovery CHO-K1 (GS -/-)	PAIRED	eligible	1
ERR4319932	PRJEB39258	Horizon-Discovery CHO-K1 (GS -/-)	PAIRED	eligible	1
ERR4319933	PRJEB39258	Horizon-Discovery CHO-K1 (GS -/-)	PAIRED	eligible	1
ERR7417864	PRJEB48931	CHO-K1	PAIRED	eligible	1
ERR7417866	PRJEB48931	CHO-K1	PAIRED	eligible	1
ERR8006958	PRJEB49939		PAIRED	eligible	1
SRR10215657	PRJNA575354	CHO-K1	SINGLE	eligible	1
SRR10493808	PRJNA590486	3077	SINGLE	eligible	1
SRR10493810	PRJNA590486	3080	SINGLE	eligible	1
SRR10493812	PRJNA590486	3478	SINGLE	eligible	1
SRR10493813	PRJNA590486	3478	SINGLE	eligible	1
SRR10493817	PRJNA590486	3077	SINGLE	eligible	1
SRR10493818	PRJNA590486	3080	SINGLE	eligible	1
SRR10493853	PRJNA590485	3068	SINGLE	eligible	1
SRR10493860	PRJNA590485	3080	SINGLE	eligible	1
SRR10493868	PRJNA590485	3936	SINGLE	eligible	1
SRR10493872	PRJNA590485	3936	SINGLE	eligible	1
SRR10493878	PRJNA590485	4384	SINGLE	eligible	1
SRR10493879	PRJNA590485	4384	SINGLE	eligible	1
SRR10493880	PRJNA590485	4384	SINGLE	eligible	1
SRR10493881	PRJNA590485	4384	SINGLE	eligible	1
SRR10572663	PRJNA593052	CHOK1	PAIRED	eligible	1
SRR10572664	PRJNA593052	CHOK1	PAIRED	eligible	1
SRR10669488	PRJNA594947	CHO	SINGLE	eligible	1
SRR10995636	PRJNA604220		PAIRED	eligible	1
SRR10995643	PRJNA604220		PAIRED	eligible	1
SRR10995649	PRJNA604220		PAIRED	eligible	1
SRR10995653	PRJNA604220		PAIRED	eligible	1
SRR10995658	PRJNA604220		PAIRED	eligible	1
SRR10995659	PRJNA604220		PAIRED	eligible	1
SRR10995660	PRJNA604220		PAIRED	eligible	1
SRR10995662	PRJNA604220		PAIRED	eligible	1
SRR10995675	PRJNA604220		PAIRED	eligible	1
SRR10995685	PRJNA604220		PAIRED	eligible	1
SRR10995690	PRJNA604220		PAIRED	eligible	1
SRR10995700	PRJNA604220		PAIRED	eligible	1
SRR11184915	PRJNA599947	VRC01 CHO-K1	PAIRED	eligible	1
SRR11184918	PRJNA599947	VRC01 CHO-K1	PAIRED	eligible	1
SRR11350309	PRJNA613438	CHO-S	SINGLE	eligible	1
SRR11350316	PRJNA613438	CHO-S	SINGLE	eligible	1
SRR11350317	PRJNA613438	CHO-S	SINGLE	eligible	1
SRR11350318	PRJNA613438	CHO-S	SINGLE	eligible	1
SRR11721631	PRJNA630824		SINGLE	eligible	1
SRR11721632	PRJNA630824		SINGLE	eligible	1
SRR11721635	PRJNA630824		SINGLE	eligible	1
SRR11721637	PRJNA630824		SINGLE	eligible	1
SRR11721639	PRJNA630824		SINGLE	eligible	1
SRR11721642	PRJNA630824		SINGLE	eligible	1
SRR11721645	PRJNA630824		SINGLE	eligible	1
SRR11721648	PRJNA630824		SINGLE	eligible	1
SRR11721649	PRJNA630824		SINGLE	eligible	1
SRR11721658	PRJNA630824		SINGLE	eligible	1
SRR12194150	PRJNA645419		PAIRED	eligible	1
SRR12618085	PRJNA662582	CHO	SINGLE	eligible	1
SRR12618090	PRJNA662582	CHO	SINGLE	eligible	1
SRR12618096	PRJNA662582	CHO	SINGLE	eligible	1
SRR12618098	PRJNA662582	CHO	SINGLE	eligible	1
SRR12618100	PRJNA662582	CHO	SINGLE	eligible	1
SRR12618105	PRJNA662582	CHO	SINGLE	eligible	1
SRR12618107	PRJNA662582	CHO	SINGLE	eligible	1
SRR12618108	PRJNA662582	CHO	SINGLE	eligible	1
SRR12618109	PRJNA662582	CHO	SINGLE	eligible	1
SRR12618118	PRJNA662582	CHO	SINGLE	eligible	1
SRR12618120	PRJNA662582	CHO	SINGLE	eligible	1
SRR12618126	PRJNA662582	CHO	SINGLE	eligible	1
SRR12618130	PRJNA662582	CHO	SINGLE	eligible	1
SRR12618134	PRJNA662582	CHO	SINGLE	eligible	1
SRR12618135	PRJNA662582	CHO	SINGLE	eligible	1
SRR14860930	PRJNA739051		PAIRED	eligible	1
SRR14860938	PRJNA739051		PAIRED	eligible	1
SRR14860940	PRJNA739051		PAIRED	eligible	1
SRR15111552	PRJNA746067		PAIRED	eligible	1
SRR15111554	PRJNA746067		PAIRED	eligible	1
SRR15111555	PRJNA746067		PAIRED	eligible	1
SRR15111558	PRJNA746067		PAIRED	eligible	1
SRR15111565	PRJNA746067		PAIRED	eligible	1
SRR15111566	PRJNA746067		PAIRED	eligible	1
SRR15111568	PRJNA746067		PAIRED	eligible	1
SRR15221365	PRJNA749145		PAIRED	eligible	1
SRR15221376	PRJNA749145		PAIRED	eligible	1
SRR15221380	PRJNA749145		PAIRED	eligible	1
SRR15221391	PRJNA749145		PAIRED	eligible	1
SRR15221392	PRJNA749145		PAIRED	eligible	1
SRR15221396	PRJNA749145		PAIRED	eligible	1
SRR15559105	PRJNA742028	Flip-In CHO-K1	SINGLE	eligible	1
SRR15559109	PRJNA742028	Flip-In CHO-K1	SINGLE	eligible	1
SRR15559110	PRJNA742028	Flip-In CHO-K1	SINGLE	eligible	1
SRR15559112	PRJNA742028	Flip-In CHO-K1	SINGLE	eligible	1
SRR15923901	PRJNA763926	ChA27	PAIRED	eligible	1
SRR16796944	PRJNA778050	CHO-K1	SINGLE	eligible	1
SRR16796945	PRJNA778050	CHO-K1	SINGLE	eligible	1
SRR16796946	PRJNA778050	CHO-K1	SINGLE	eligible	1
SRR16980324	PRJNA766998		PAIRED	eligible	1
SRR16980325	PRJNA766998		PAIRED	eligible	1
SRR16980334	PRJNA766998		PAIRED	eligible	1
SRR16980336	PRJNA766998		PAIRED	eligible	1
SRR16980337	PRJNA766998		PAIRED	eligible	1
SRR16980344	PRJNA766998		PAIRED	eligible	1
SRR16980346	PRJNA766998		PAIRED	eligible	1
SRR16980355	PRJNA766998		PAIRED	eligible	1
SRR16980358	PRJNA766998		PAIRED	eligible	1
SRR16980365	PRJNA766998		PAIRED	eligible	1
SRR16980366	PRJNA766998		PAIRED	eligible	1
SRR16980368	PRJNA766998		PAIRED	eligible	1
SRR16980374	PRJNA766998		PAIRED	eligible	1
SRR17085235	PRJNA785251	CHO-K1	SINGLE	eligible	1
SRR17085243	PRJNA785251	CHO-K1	SINGLE	eligible	1
SRR17085244	PRJNA785251	CHO-K1	SINGLE	eligible	1
SRR17085251	PRJNA785251	CHO-K1	SINGLE	eligible	1
SRR17085252	PRJNA785251	CHO-K1	SINGLE	eligible	1
SRR17085256	PRJNA785251	CHO-K1	SINGLE	eligible	1
SRR17085261	PRJNA785251	CHO-K1	SINGLE	eligible	1
SRR17085264	PRJNA785251	CHO-K1	SINGLE	eligible	1
SRR17085272	PRJNA785251	CHO-K1	SINGLE	eligible	1
SRR17085278	PRJNA785251	CHO-K1	SINGLE	eligible	1
SRR17085282	PRJNA785251	CHO-K1	SINGLE	eligible	1
SRR17085286	PRJNA785251	CHO-K1	SINGLE	eligible	1
SRR17085288	PRJNA785251	CHO-K1	SINGLE	eligible	1
SRR17085289	PRJNA785251	CHO-K1	SINGLE	eligible	1
SRR17085292	PRJNA785251	CHO-K1	SINGLE	eligible	1
SRR17085298	PRJNA785251	CHO-K1	SINGLE	eligible	1
SRR17085306	PRJNA785251	CHO-K1	SINGLE	eligible	1
SRR17085308	PRJNA785251	CHO-K1	SINGLE	eligible	1
SRR17085309	PRJNA785251	CHO-K1	SINGLE	eligible	1
SRR17085314	PRJNA785251	CHO-K1	SINGLE	eligible	1
SRR17085317	PRJNA785251	CHO-K1	SINGLE	eligible	1
SRR17085323	PRJNA785251	CHO-K1	SINGLE	eligible	1
SRR17085324	PRJNA785251	CHO-K1	SINGLE	eligible	1
SRR17085327	PRJNA785251	CHO-K1	SINGLE	eligible	1
SRR17085335	PRJNA785251	CHO-K1	SINGLE	eligible	1
SRR17085342	PRJNA785251	CHO-K1	SINGLE	eligible	1
SRR18163660	PRJNA810994	CHO-K1 (CCL-61 ATCC)	SINGLE	eligible	1
SRR18163664	PRJNA810994	CHO-K1 (CCL-61 ATCC)	SINGLE	eligible	1
SRR18163668	PRJNA810994	CHO-K1 (CCL-61 ATCC)	SINGLE	eligible	1
SRR18502225	PRJNA820638	CHO (ATCC CCL-61)	PAIRED	eligible	1
SRR18502229	PRJNA820638	CHO (ATCC CCL-61)	PAIRED	eligible	1
SRR18502231	PRJNA820638	CHO (ATCC CCL-61)	PAIRED	eligible	1
SRR18502238	PRJNA820638	CHO (ATCC CCL-61)	PAIRED	eligible	1
SRR22143444	PRJNA896947	VRC01	PAIRED	eligible	1
SRR22246870	PRJNA899862	CHOZN GS-/- clone 1	PAIRED	eligible	1
SRR22246877	PRJNA899862	CHOZN GS-/- clone 2	PAIRED	eligible	1
SRR22246882	PRJNA899862	CHOZN GS-/-	PAIRED	eligible	1
SRR22246886	PRJNA899862	CHOZN GS-/- clone 2	PAIRED	eligible	1
SRR22246892	PRJNA899862	CHOZN GS-/-	PAIRED	eligible	1
SRR22246898	PRJNA899862	CHOZN GS-/- clone 2	PAIRED	eligible	1
SRR22246902	PRJNA899862	CHOZN GS-/-	PAIRED	eligible	1
SRR22246904	PRJNA899862	CHOZN GS-/-	PAIRED	eligible	1
SRR23603795	PRJNA938154	Icosagen QMCF	PAIRED	eligible	1
SRR23603802	PRJNA938154	Icosagen QMCF	PAIRED	eligible	1
SRR23603814	PRJNA938154	Icosagen QMCF	PAIRED	eligible	1
SRR23603819	PRJNA938154	Icosagen QMCF	PAIRED	eligible	1
SRR23603827	PRJNA938154	Icosagen QMCF	PAIRED	eligible	1
SRR23603845	PRJNA938154	Icosagen QMCF	PAIRED	eligible	1
SRR23603855	PRJNA938154	Icosagen QMCF	PAIRED	eligible	1
SRR23603858	PRJNA938154	Icosagen QMCF	PAIRED	eligible	1
SRR23603861	PRJNA938154	Icosagen QMCF	PAIRED	eligible	1
SRR23603864	PRJNA938154	Icosagen QMCF	PAIRED	eligible	1
SRR23603868	PRJNA938154	Icosagen QMCF	PAIRED	eligible	1
SRR23603874	PRJNA938154	Icosagen QMCF	PAIRED	eligible	1
SRR24099902	PRJNA953054	MI5-4 (CHO)	PAIRED	eligible	1
SRR24099906	PRJNA953054	MI5-4 (CHO)	PAIRED	eligible	1
SRR24650912	PRJNA974014	CHOZN GS -/- ZFN Clone 23	PAIRED	eligible	1
SRR24650913	PRJNA974014	CHOZN GS -/- ZFN Clone 23	PAIRED	eligible	1
SRR24650915	PRJNA974014	CHOZN GS -/- ZFN Clone 23	PAIRED	eligible	1
SRR24650917	PRJNA974014	CHOZN GS -/- ZFN Clone 23	PAIRED	eligible	1
SRR24650923	PRJNA974014	CHOZN GS -/- ZFN Clone 23	PAIRED	eligible	1
SRR24650927	PRJNA974014	CHOZN GS -/- ZFN Clone 23	PAIRED	eligible	1
SRR24650928	PRJNA974014	CHOZN GS -/- ZFN Clone 23	PAIRED	eligible	1
SRR24650932	PRJNA974014	CHOZN GS -/- ZFN Clone 23	PAIRED	eligible	1
SRR24650933	PRJNA974014	CHOZN GS -/- ZFN Clone 23	PAIRED	eligible	1
SRR24650940	PRJNA974014	CHOZN GS -/- ZFN Clone 23	SINGLE	eligible	1
SRR24650943	PRJNA974014	CHOZN GS -/- ZFN Clone 23	PAIRED	eligible	1
SRR24650950	PRJNA974014	CHOZN GS -/- ZFN Clone 23	PAIRED	eligible	1
SRR24650964	PRJNA974014	CHOZN GS -/- ZFN Clone 23	PAIRED	eligible	1
SRR24650978	PRJNA974014	CHOZN GS -/- ZFN Clone 23	PAIRED	eligible	1
SRR24650982	PRJNA974014	CHOZN GS -/- ZFN Clone 23	PAIRED	eligible	1
SRR24650984	PRJNA974014	CHOZN GS -/- ZFN Clone 23	PAIRED	eligible	1
SRR24650985	PRJNA974014	CHOZN GS -/- ZFN Clone 23	PAIRED	eligible	1
SRR24650991	PRJNA974014	CHOZN GS -/- ZFN Clone 23	PAIRED	eligible	1
SRR24650995	PRJNA974014	CHOZN GS -/- ZFN Clone 23	PAIRED	eligible	1
SRR24650996	PRJNA974014	CHOZN GS -/- ZFN Clone 23	PAIRED	eligible	1
SRR24650998	PRJNA974014	CHOZN GS -/- ZFN Clone 23	PAIRED	eligible	1
SRR24651001	PRJNA974014	CHOZN GS -/- ZFN Clone 23	PAIRED	eligible	1
SRR24651002	PRJNA974014	CHOZN GS -/- ZFN Clone 23	PAIRED	eligible	1
ERR3972090	PRJEB37009		SINGLE	eligible	1
ERR3972092	PRJEB37009		SINGLE	eligible	1
ERR3972097	PRJEB37009		SINGLE	eligible	1
SRR22810190	PRJNA913861	stably expressing Cdh13	SINGLE	eligible	1
SRR22810192	PRJNA913861	stably expressing Cdh13	SINGLE	eligible	1
SRR22810194	PRJNA913861	stably expressing Cdh13	SINGLE	eligible	1
SRR28349053	PRJNA1088164		PAIRED	eligible	0
SRR28349061	PRJNA1088164		PAIRED	eligible	0
SRR28413170	PRJNA1090557		PAIRED	eligible	1
SRR28413171	PRJNA1090557		PAIRED	eligible	1
SRR2922598	PRJNA302601	CHO-K1	SINGLE	eligible	1
SRR2922606	PRJNA302601	CHO-K1	SINGLE	eligible	1
SRR29441700	PRJNA1123849	CHO-K1	PAIRED	eligible	1
SRR29441701	PRJNA1123849	CHO-K1	PAIRED	eligible	1
SRR29672921	PRJNA1130622	CHO dhFr-	PAIRED	eligible	1
SRR29672926	PRJNA1130622	rCHO DP-12	PAIRED	eligible	1
SRR29672927	PRJNA1130622	rCHO DP-12	PAIRED	eligible	1
SRR29672934	PRJNA1130622	CHO K1-PF	PAIRED	eligible	1
SRR29672936	PRJNA1130622	rCHO DP-12	PAIRED	eligible	1
SRR2968326	PRJNA304606		PAIRED	eligible	1
SRR2968327	PRJNA304606		PAIRED	eligible	1
SRR3161757	PRJNA311594	CHO-S	PAIRED	eligible	1
SRR3161779	PRJNA311594	CHO-S	PAIRED	eligible	1
SRR3161783	PRJNA311594	CHO-S	PAIRED	eligible	1
SRR3161785	PRJNA311594	CHO-S	PAIRED	eligible	1
SRR3161786	PRJNA311594	CHO-S	PAIRED	eligible	1
SRR3161792	PRJNA311594	CHO-S	PAIRED	eligible	1
SRR3284444	PRJNA316065		SINGLE	eligible	1
SRR3284446	PRJNA316065		SINGLE	eligible	1
SRR3284448	PRJNA316065		SINGLE	eligible	1
SRR3284459	PRJNA316065		SINGLE	eligible	1
SRR3284460	PRJNA316065		SINGLE	eligible	1
SRR33198154	PRJNA1252143	CHO-S	PAIRED	eligible	1
SRR33198155	PRJNA1252143	CHO-S	PAIRED	eligible	1
SRR33198159	PRJNA1252143	CHO-S	PAIRED	eligible	1
SRR33198167	PRJNA1252143	CHO-S	PAIRED	eligible	1
SRR33309099	PRJNA1254963	CHO-S	PAIRED	eligible	1
SRR33309102	PRJNA1254963	CHO-S	PAIRED	eligible	1
SRR33309124	PRJNA1254963	CHO-S	PAIRED	eligible	1
SRR35653649	PRJNA1335855		PAIRED	eligible	1
SRR35653654	PRJNA1335855		PAIRED	eligible	1
SRR38262921	PRJNA1282762		SINGLE	eligible	1
SRR3946101	PRJNA330832		SINGLE	eligible	1
SRR3946104	PRJNA330832		SINGLE	eligible	1
SRR3946105	PRJNA330832		SINGLE	eligible	1
SRR3946112	PRJNA330832		SINGLE	eligible	1
SRR39497724	PRJNA1489724	CHO DG44	PAIRED	eligible	1
SRR39561851	PRJNA1492564	CHO-S/HB8-Ags#18	PAIRED	eligible	1
SRR39561857	PRJNA1492564	CHO-S/HB8-Ags#18	PAIRED	eligible	1
SRR40310831	PRJNA1516528	CHOZN	PAIRED	eligible	1
SRR40310833	PRJNA1516528	ATCC CHO K1	PAIRED	eligible	1
SRR40310835	PRJNA1516528	ATCC CHO K1	PAIRED	eligible	1
SRR40310836	PRJNA1516528	EACC CHO K1	PAIRED	eligible	1
SRR4035674	PRJNA339147	CHO-K1	SINGLE	eligible	1
SRR4035678	PRJNA339147	CHO-K1	SINGLE	eligible	1
SRR4035681	PRJNA339147	CHO-K1	SINGLE	eligible	1
SRR3401749	PRJNA318886	CHO DG44 IgG	PAIRED	eligible	1
SRR3401750	PRJNA318886	CHO DG44 IgG	PAIRED	eligible	1
SRR3401751	PRJNA318886	CHO DG44 IgG	PAIRED	eligible	1
SRR3401752	PRJNA318886	CHO DG44 IgG	PAIRED	eligible	1
SRR36222938	PRJNA1363687	CHO-K1	PAIRED	eligible	1
SRR36222942	PRJNA1363687	CHO-K1	PAIRED	eligible	1
SRR36663600	PRJNA1397464		PAIRED	eligible	1
SRR5358890	PRJNA378939		PAIRED	eligible	1
SRR5409489	PRJNA378247	Chinese hamster ovary	PAIRED	eligible	1
SRR5409490	PRJNA378247	Chinese hamster ovary	PAIRED	eligible	1
SRR5812572	PRJNA393479		PAIRED	eligible	1
SRR5812578	PRJNA393479		PAIRED	eligible	1
SRR8165624	PRJNA504034		PAIRED	eligible	1
SRR8165628	PRJNA504034		PAIRED	eligible	1
SRR8165630	PRJNA504034		PAIRED	eligible	1
SRR8165651	PRJNA504034		PAIRED	eligible	1
SRR8165658	PRJNA504034		PAIRED	eligible	1
SRR8165659	PRJNA504034		PAIRED	eligible	0
SRR8165660	PRJNA504034		PAIRED	eligible	1
SRR8165661	PRJNA504034		PAIRED	eligible	1
SRR8165666	PRJNA504034		PAIRED	eligible	1
SRR8165674	PRJNA504034		PAIRED	eligible	0
SRR8165679	PRJNA504034		PAIRED	eligible	1
SRR8165683	PRJNA504034		PAIRED	eligible	1
SRR8165684	PRJNA504034		PAIRED	eligible	1
SRR9137504	PRJNA545135		PAIRED	eligible	1
SRR9151758	PRJNA545309	LR73	PAIRED	eligible	1
SRR9151764	PRJNA545309	LR73	PAIRED	eligible	1
SRR9151766	PRJNA545309	LR73	PAIRED	eligible	1
SRR9151767	PRJNA545309	LR73	PAIRED	eligible	1
SRR9620993	PRJNA551666	antibody-producing CHO DG44 cell line	SINGLE	eligible	1
SRR9620996	PRJNA551666	antibody-producing CHO DG44 cell line	SINGLE	eligible	1
SRR9621000	PRJNA551666	antibody-producing CHO DG44 cell line	SINGLE	eligible	1
SRR9621007	PRJNA551666	antibody-producing CHO DG44 cell line	SINGLE	eligible	1
SRR9621015	PRJNA551666	antibody-producing CHO DG44 cell line	SINGLE	eligible	1
SRR9621017	PRJNA551666	antibody-producing CHO DG44 cell line	SINGLE	eligible	1
SRR9621027	PRJNA551666	antibody-producing CHO DG44 cell line	SINGLE	eligible	1
SRR9621036	PRJNA551666	antibody-producing CHO DG44 cell line	SINGLE	eligible	1
SRR9621040	PRJNA551666	amplified progeny of cell line of antibody-producing CHO DG44	SINGLE	eligible	1
SRR9621052	PRJNA551666	amplified progeny of cell line of antibody-producing CHO DG44	SINGLE	eligible	1
SRR9621079	PRJNA551666	CHO-S cell line	SINGLE	eligible	1
SRR9703436	PRJNA555245	CHO	SINGLE	eligible	1
SRR7770744	PRJNA488640		PAIRED	eligible	1
SRR7770745	PRJNA488640		PAIRED	eligible	1
SRR7779169	PRJNA489076		PAIRED	eligible	1
SRR7779179	PRJNA489076		PAIRED	eligible	1
SRR7779182	PRJNA489076		PAIRED	eligible	1
SRR7779187	PRJNA489076		PAIRED	eligible	1
SRR7779188	PRJNA489076		PAIRED	eligible	1
SRR7779194	PRJNA489076		PAIRED	eligible	1
SRR7779199	PRJNA489076		PAIRED	eligible	1
DRR091432	PRJDB5737	CHO-K1	SINGLE	eligible	1
DRR091435	PRJDB5737	CHO-K1	SINGLE	eligible	1
DRR091437	PRJDB5737	CHO-K1	SINGLE	eligible	1
DRR096600	PRJDB5898	CHO-K1	SINGLE	eligible	1
DRR096602	PRJDB5898	CHO-K1	SINGLE	eligible	1
DRR099454	PRJDB6126	CHO-S	SINGLE	eligible	1
DRR099456	PRJDB6126	CHO-S	SINGLE	eligible	1
DRR099461	PRJDB6126	CHO-S	SINGLE	eligible	1
DRR099462	PRJDB6126	CHO-S	SINGLE	eligible	1
DRR099463	PRJDB6126	CHO-S	SINGLE	eligible	1
DRR099469	PRJDB6126	CHO-S	SINGLE	eligible	1
DRR099471	PRJDB6126	CHO-S	SINGLE	eligible	1
DRR099484	PRJDB6126	CHO-S	SINGLE	eligible	1
DRR099492	PRJDB6126	CHO-S	SINGLE	eligible	1
DRR164943	PRJDB7873		SINGLE	eligible	1
DRR164944	PRJDB7873		SINGLE	eligible	1
DRR169269	PRJDB7945		SINGLE	eligible	1
DRR169275	PRJDB7945		SINGLE	eligible	1
DRR169280	PRJDB7945		SINGLE	eligible	1
DRR169286	PRJDB7945		SINGLE	eligible	1
DRR169289	PRJDB7945		SINGLE	eligible	1
DRR169293	PRJDB7945		SINGLE	eligible	1
DRR169298	PRJDB7945		SINGLE	eligible	1
DRR169299	PRJDB7945		SINGLE	eligible	1
DRR524617	PRJDB17021	CHO-K1	PAIRED	eligible	1
DRR524620	PRJDB17021	CHO-S	PAIRED	eligible	1
DRR706779	PRJDB35724	CHO-K1	PAIRED	eligible	1
DRR706780	PRJDB35724	CHO-K1	PAIRED	eligible	1
DRR706782	PRJDB35724	CHO-DG44	PAIRED	eligible	1
ERR10745717	PRJEB55916		SINGLE	eligible	1
ERR10745731	PRJEB55916		SINGLE	eligible	1
ERR10745735	PRJEB55916		SINGLE	eligible	1
ERR10745738	PRJEB55916		SINGLE	eligible	1
ERR10745748	PRJEB55916		SINGLE	eligible	1
ERR10745754	PRJEB55916		SINGLE	eligible	1
ERR10745757	PRJEB55916		SINGLE	eligible	1
ERR15000454	PRJEB89701	CHO-K1	PAIRED	eligible	1
ERR15000456	PRJEB89701	CHO-K1	PAIRED	eligible	1
ERR15000464	PRJEB89701	CHO-K1	PAIRED	eligible	1
ERR15000465	PRJEB89701	CHO-K1	PAIRED	eligible	1
ERR15000467	PRJEB89701	CHO-K1	PAIRED	eligible	1
ERR15000468	PRJEB89701	CHO-K1	PAIRED	eligible	1
ERR15000475	PRJEB89701	CHO-K1	PAIRED	eligible	1
ERR15000508	PRJEB89701	CHO-K1	PAIRED	eligible	1
ERR15000519	PRJEB89701	CHO-K1	PAIRED	eligible	1
ERR16729277	PRJEB108721		SINGLE	eligible	1
ERR16729280	PRJEB108721		SINGLE	eligible	1
ERR16729286	PRJEB108721		SINGLE	eligible	1
ERR16729288	PRJEB108721		SINGLE	eligible	1
ERR16729293	PRJEB108721		SINGLE	eligible	1
ERR1983091	PRJEB14303		PAIRED	eligible	1
ERR1983097	PRJEB14303		PAIRED	eligible	1
ERR2593199	PRJEB9291		PAIRED	eligible	1
ERR2593203	PRJEB9291		PAIRED	eligible	1
ERR2593206	PRJEB9291		PAIRED	eligible	1
ERR3001879	PRJEB30364		PAIRED	eligible	1
ERR3001880	PRJEB30364		PAIRED	eligible	1
ERR3001881	PRJEB30364		PAIRED	eligible	1
ERR3001885	PRJEB30364		PAIRED	eligible	1
ERR3001887	PRJEB30364		PAIRED	eligible	1
ERR3001888	PRJEB30364		PAIRED	eligible	1
ERR3001890	PRJEB30364		PAIRED	eligible	1
ERR3374022	PRJEB33024	CHO-K1	SINGLE	eligible	1
ERR3374023	PRJEB33024	CHO-K1	SINGLE	eligible	1
ERR3374026	PRJEB33024	CHO-K1	SINGLE	eligible	1
ERR3668304	PRJEB35183		PAIRED	eligible	1
ERR4319913	PRJEB39258	Horizon-Discovery CHO-K1 (GS -/-)	PAIRED	eligible	1
ERR4319919	PRJEB39258	Horizon-Discovery CHO-K1 (GS -/-)	PAIRED	eligible	1
ERR4319926	PRJEB39258	Horizon-Discovery CHO-K1 (GS -/-)	PAIRED	eligible	1
ERR4319928	PRJEB39258	Horizon-Discovery CHO-K1 (GS -/-)	PAIRED	eligible	1
ERR4319930	PRJEB39258	Horizon-Discovery CHO-K1 (GS -/-)	PAIRED	eligible	1
ERR4319931	PRJEB39258	Horizon-Discovery CHO-K1 (GS -/-)	PAIRED	eligible	1
ERR4319934	PRJEB39258	Horizon-Discovery CHO-K1 (GS -/-)	PAIRED	eligible	1
ERR4319936	PRJEB39258	Horizon-Discovery CHO-K1 (GS -/-)	PAIRED	eligible	1
ERR4319938	PRJEB39258	Horizon-Discovery CHO-K1 (GS -/-)	PAIRED	eligible	1
ERR8006957	PRJEB49939		PAIRED	eligible	1
SRR10215649	PRJNA575354	CHO-K1	SINGLE	eligible	1
SRR10215654	PRJNA575354	CHO-K1	SINGLE	eligible	1
SRR10215658	PRJNA575354	CHO-K1	SINGLE	eligible	1
SRR11184909	PRJNA599947	VRC01 CHO-K1	PAIRED	eligible	1
SRR11350303	PRJNA613438	CHO-S	SINGLE	eligible	1
SRR11350304	PRJNA613438	CHO-S	SINGLE	eligible	1
SRR11350311	PRJNA613438	CHO-S	SINGLE	eligible	1
SRR11350314	PRJNA613438	CHO-S	SINGLE	eligible	1
SRR11350315	PRJNA613438	CHO-S	SINGLE	eligible	1
SRR11721629	PRJNA630824		SINGLE	eligible	1
SRR11721634	PRJNA630824		SINGLE	eligible	1
SRR11721646	PRJNA630824		SINGLE	eligible	1
SRR11721651	PRJNA630824		SINGLE	eligible	1
SRR11721657	PRJNA630824		SINGLE	eligible	1
SRR12587966	PRJNA661407	CHO K1 DP12	PAIRED	eligible	1
SRR12618082	PRJNA662582	CHO	SINGLE	eligible	1
SRR12618083	PRJNA662582	CHO	SINGLE	eligible	1
SRR12618084	PRJNA662582	CHO	SINGLE	eligible	1
SRR12618087	PRJNA662582	CHO	SINGLE	eligible	1
SRR12618093	PRJNA662582	CHO	SINGLE	eligible	1
SRR12618104	PRJNA662582	CHO	SINGLE	eligible	1
SRR12618106	PRJNA662582	CHO	SINGLE	eligible	1
SRR12618112	PRJNA662582	CHO	SINGLE	eligible	1
SRR12618116	PRJNA662582	CHO	SINGLE	eligible	1
SRR14860928	PRJNA739051		PAIRED	eligible	1
SRR14860936	PRJNA739051		PAIRED	eligible	1
SRR15111560	PRJNA746067		PAIRED	eligible	1
SRR15111561	PRJNA746067		PAIRED	eligible	1
SRR15111562	PRJNA746067		PAIRED	eligible	1
SRR15221366	PRJNA749145		PAIRED	eligible	1
SRR15221370	PRJNA749145		PAIRED	eligible	1
SRR15221373	PRJNA749145		PAIRED	eligible	1
SRR15221375	PRJNA749145		PAIRED	eligible	1
SRR15221378	PRJNA749145		PAIRED	eligible	1
SRR15221379	PRJNA749145		PAIRED	eligible	1
SRR16796949	PRJNA778050	CHO-K1	SINGLE	eligible	1
SRR16796972	PRJNA778050	CHO-K1	SINGLE	eligible	1
SRR16980320	PRJNA766998		PAIRED	eligible	1
SRR16980322	PRJNA766998		PAIRED	eligible	1
SRR16980323	PRJNA766998		PAIRED	eligible	1
SRR16980332	PRJNA766998		PAIRED	eligible	1
SRR16980335	PRJNA766998		PAIRED	eligible	1
SRR16980345	PRJNA766998		PAIRED	eligible	1
SRR16980347	PRJNA766998		PAIRED	eligible	1
SRR16980349	PRJNA766998		PAIRED	eligible	1
SRR16980350	PRJNA766998		PAIRED	eligible	1
SRR16980351	PRJNA766998		PAIRED	eligible	1
SRR16980353	PRJNA766998		PAIRED	eligible	1
SRR16980354	PRJNA766998		PAIRED	eligible	1
SRR16980364	PRJNA766998		PAIRED	eligible	1
SRR16980371	PRJNA766998		PAIRED	eligible	1
SRR17085237	PRJNA785251	CHO-K1	SINGLE	eligible	1
SRR17085242	PRJNA785251	CHO-K1	SINGLE	eligible	1
SRR17085245	PRJNA785251	CHO-K1	SINGLE	eligible	1
SRR17085246	PRJNA785251	CHO-K1	SINGLE	eligible	1
SRR17085269	PRJNA785251	CHO-K1	SINGLE	eligible	1
SRR17085273	PRJNA785251	CHO-K1	SINGLE	eligible	1
SRR17085274	PRJNA785251	CHO-K1	SINGLE	eligible	1
SRR17085277	PRJNA785251	CHO-K1	SINGLE	eligible	1
SRR17085290	PRJNA785251	CHO-K1	SINGLE	eligible	1
SRR17085291	PRJNA785251	CHO-K1	SINGLE	eligible	1
SRR17085305	PRJNA785251	CHO-K1	SINGLE	eligible	1
SRR17085310	PRJNA785251	CHO-K1	SINGLE	eligible	1
SRR17085311	PRJNA785251	CHO-K1	SINGLE	eligible	1
SRR17085313	PRJNA785251	CHO-K1	SINGLE	eligible	1
SRR17085321	PRJNA785251	CHO-K1	SINGLE	eligible	1
SRR17085325	PRJNA785251	CHO-K1	SINGLE	eligible	1
SRR17085341	PRJNA785251	CHO-K1	SINGLE	eligible	1
SRR18163656	PRJNA810994	CHO-K1 (CCL-61 ATCC)	SINGLE	eligible	1
SRR18163666	PRJNA810994	CHO-K1 (CCL-61 ATCC)	SINGLE	eligible	1
SRR18356112	PRJNA817102	CHO	PAIRED	eligible	1
SRR18502223	PRJNA820638	CHO (ATCC CCL-61)	PAIRED	eligible	1
SRR18502226	PRJNA820638	CHO (ATCC CCL-61)	PAIRED	eligible	1
SRR18502227	PRJNA820638	CHO (ATCC CCL-61)	PAIRED	eligible	1
SRR18502228	PRJNA820638	CHO (ATCC CCL-61)	PAIRED	eligible	1
SRR18502233	PRJNA820638	CHO (ATCC CCL-61)	PAIRED	eligible	1
SRR19256297	PRJNA839086	Chinese hamster ovary cells (CHO-S)	PAIRED	eligible	1
SRR19256298	PRJNA839086	Chinese hamster ovary cells (CHO-S)	PAIRED	eligible	1
SRR19256300	PRJNA839086	Chinese hamster ovary cells (CHO-S)	PAIRED	eligible	1
SRR19256301	PRJNA839086	Chinese hamster ovary cells (CHO-S)	PAIRED	eligible	1
SRR19256305	PRJNA839086	Chinese hamster ovary cells (CHO-S)	PAIRED	eligible	1
SRR23603791	PRJNA938154	Icosagen QMCF	PAIRED	eligible	1
SRR23603801	PRJNA938154	Icosagen QMCF	PAIRED	eligible	1
SRR23603804	PRJNA938154	Icosagen QMCF	PAIRED	eligible	1
SRR23603811	PRJNA938154	Icosagen QMCF	PAIRED	eligible	1
SRR23603820	PRJNA938154	Icosagen QMCF	PAIRED	eligible	1
SRR23603821	PRJNA938154	Icosagen QMCF	PAIRED	eligible	1
SRR23603833	PRJNA938154	Icosagen QMCF	PAIRED	eligible	1
SRR23603836	PRJNA938154	Icosagen QMCF	PAIRED	eligible	1
SRR23603843	PRJNA938154	Icosagen QMCF	PAIRED	eligible	1
SRR23603847	PRJNA938154	Icosagen QMCF	PAIRED	eligible	1
SRR23603848	PRJNA938154	Icosagen QMCF	PAIRED	eligible	1
SRR23603849	PRJNA938154	Icosagen QMCF	PAIRED	eligible	1
SRR23603851	PRJNA938154	Icosagen QMCF	PAIRED	eligible	1
SRR23603863	PRJNA938154	Icosagen QMCF	PAIRED	eligible	1
SRR23603867	PRJNA938154	Icosagen QMCF	PAIRED	eligible	1
SRR23603869	PRJNA938154	Icosagen QMCF	PAIRED	eligible	1
SRR23603872	PRJNA938154	Icosagen QMCF	PAIRED	eligible	1
SRR23603873	PRJNA938154	Icosagen QMCF	PAIRED	eligible	1
SRR23603877	PRJNA938154	Icosagen QMCF	PAIRED	eligible	1
SRR23603878	PRJNA938154	Icosagen QMCF	PAIRED	eligible	1
SRR23702454	PRJNA941080		PAIRED	eligible	1
SRR24099905	PRJNA953054	MI5-4 (CHO)	PAIRED	eligible	1
SRR24650914	PRJNA974014	CHOZN GS -/- ZFN Clone 23	PAIRED	eligible	1
SRR24650916	PRJNA974014	CHOZN GS -/- ZFN Clone 23	PAIRED	eligible	1
SRR24650922	PRJNA974014	CHOZN GS -/- ZFN Clone 23	PAIRED	eligible	1
SRR24650930	PRJNA974014	CHOZN GS -/- ZFN Clone 23	PAIRED	eligible	1
SRR24650934	PRJNA974014	CHOZN GS -/- ZFN Clone 23	PAIRED	eligible	1
SRR24650939	PRJNA974014	CHOZN GS -/- ZFN Clone 23	PAIRED	eligible	1
SRR24650945	PRJNA974014	CHOZN GS -/- ZFN Clone 23	PAIRED	eligible	1
SRR24650947	PRJNA974014	CHOZN GS -/- ZFN Clone 23	PAIRED	eligible	1
SRR24650951	PRJNA974014	CHOZN GS -/- ZFN Clone 23	PAIRED	eligible	1
SRR24650956	PRJNA974014	CHOZN GS -/- ZFN Clone 23	PAIRED	eligible	1
SRR24650961	PRJNA974014	CHOZN GS -/- ZFN Clone 23	PAIRED	eligible	1
SRR24650965	PRJNA974014	CHOZN GS -/- ZFN Clone 23	PAIRED	eligible	1
SRR24650966	PRJNA974014	CHOZN GS -/- ZFN Clone 23	PAIRED	eligible	1
SRR24650970	PRJNA974014	CHOZN GS -/- ZFN Clone 23	PAIRED	eligible	1
SRR24650977	PRJNA974014	CHOZN GS -/- ZFN Clone 23	PAIRED	eligible	1
SRR24650979	PRJNA974014	CHOZN GS -/- ZFN Clone 23	PAIRED	eligible	1
SRR24650986	PRJNA974014	CHOZN GS -/- ZFN Clone 23	PAIRED	eligible	1
SRR24650993	PRJNA974014	CHOZN GS -/- ZFN Clone 23	PAIRED	eligible	1
SRR24650997	PRJNA974014	CHOZN GS -/- ZFN Clone 23	PAIRED	eligible	1
SRR24650999	PRJNA974014	CHOZN GS -/- ZFN Clone 23	PAIRED	eligible	1
SRR24651004	PRJNA974014	CHOZN GS -/- ZFN Clone 23	PAIRED	eligible	1
SRR25184716	PRJNA992436		PAIRED	eligible	1
SRR25184717	PRJNA992436		PAIRED	eligible	1
SRR25184718	PRJNA992436		PAIRED	eligible	1
SRR25184719	PRJNA992436		PAIRED	eligible	1
SRR25184721	PRJNA992436		PAIRED	eligible	1
SRR10493806	PRJNA590486	3068	SINGLE	eligible	1
SRR10493847	PRJNA590485	3068	SINGLE	eligible	1
SRR10493848	PRJNA590485	3068	SINGLE	eligible	1
SRR10493850	PRJNA590485	3068	SINGLE	eligible	1
SRR10493852	PRJNA590485	3068	SINGLE	eligible	1
SRR10493867	PRJNA590485	3936	SINGLE	eligible	1
SRR10493876	PRJNA590485	4384	SINGLE	eligible	1
SRR22143436	PRJNA896947	VRC01	PAIRED	eligible	1
SRR22246873	PRJNA899862	CHOZN GS-/-	PAIRED	eligible	1
SRR22246874	PRJNA899862	CHOZN GS-/-	PAIRED	eligible	1
SRR22246876	PRJNA899862	CHOZN GS-/- clone 2	PAIRED	eligible	1
SRR22246880	PRJNA899862	CHOZN GS-/- clone 1	PAIRED	eligible	1
SRR22246883	PRJNA899862	CHOZN GS-/-	PAIRED	eligible	1
SRR22246888	PRJNA899862	CHOZN GS-/- clone 1	PAIRED	eligible	1
SRR22810189	PRJNA913861	stably expressing Cdh13	SINGLE	eligible	1
SRR28349054	PRJNA1088164		PAIRED	eligible	0
SRR28349056	PRJNA1088164		PAIRED	eligible	1
SRR28349060	PRJNA1088164		PAIRED	eligible	1
SRR2922600	PRJNA302601	CHO-K1	SINGLE	eligible	1
SRR29441690	PRJNA1123849	CHO-K1	PAIRED	eligible	1
SRR29672924	PRJNA1130622	rCHO DP-12	PAIRED	eligible	1
SRR29672929	PRJNA1130622	rCHO DP-12	PAIRED	eligible	1
SRR29672930	PRJNA1130622	rCHO DP-12	PAIRED	eligible	1
SRR2968328	PRJNA304606		PAIRED	eligible	1
SRR3284443	PRJNA316065		SINGLE	eligible	1
SRR3284455	PRJNA316065		SINGLE	eligible	1
SRR33198151	PRJNA1252143	CHO-S	PAIRED	eligible	1
SRR33309110	PRJNA1254963	CHO-S	PAIRED	eligible	1
SRR33309111	PRJNA1254963	CHO-S	PAIRED	eligible	1
SRR33309121	PRJNA1254963	CHO-S	PAIRED	eligible	1
SRR33309123	PRJNA1254963	CHO-S	PAIRED	eligible	1
SRR38262919	PRJNA1282762		SINGLE	eligible	1
SRR3946103	PRJNA330832		SINGLE	eligible	1
SRR3946111	PRJNA330832		SINGLE	eligible	1
SRR39497722	PRJNA1489724	CHO DG44	PAIRED	eligible	1
SRR39505008	PRJNA1489724	CHO DG44	PAIRED	eligible	1
SRR39505010	PRJNA1489724	CHO DG44	PAIRED	eligible	1
SRR39506914	PRJNA1489724	CHO DG44	PAIRED	eligible	1
SRR39506915	PRJNA1489724	CHO DG44	PAIRED	eligible	1
SRR39511191	PRJNA1489724	CHO DG44	PAIRED	eligible	1
SRR39511192	PRJNA1489724	CHO DG44	PAIRED	eligible	1
SRR39511193	PRJNA1489724	CHO DG44	PAIRED	eligible	1
SRR39561852	PRJNA1492564	CHO-S/HB8-Ags#18	PAIRED	eligible	1
SRR40310830	PRJNA1516528	CHOZN	PAIRED	eligible	1
SRR40310832	PRJNA1516528	CHOZN	PAIRED	eligible	1
SRR40310834	PRJNA1516528	ATCC CHO K1	PAIRED	eligible	1
SRR4035680	PRJNA339147	CHO-K1	SINGLE	eligible	1
ERR3972091	PRJEB37009		SINGLE	eligible	1
ERR3972093	PRJEB37009		SINGLE	eligible	1
SRR3401401	PRJNA318741	CHO-K1	PAIRED	eligible	1
SRR3401745	PRJNA318886	CHO-K1	PAIRED	eligible	1
SRR3401747	PRJNA318886	CHO DG44 IgG	PAIRED	eligible	1
SRR3401748	PRJNA318886	CHO DG44 IgG	PAIRED	eligible	1
SRR36222935	PRJNA1363687	CHO-K1	PAIRED	eligible	1
SRR36222936	PRJNA1363687	CHO-K1	PAIRED	eligible	1
SRR36222937	PRJNA1363687	CHO-K1	PAIRED	eligible	1
SRR36222940	PRJNA1363687	CHO-K1	PAIRED	eligible	1
SRR36699389	PRJNA1399147	CHO-K1	PAIRED	eligible	1
SRR36699392	PRJNA1399147	CHO-K1	PAIRED	eligible	1
SRR36699393	PRJNA1399147	CHO-K1	PAIRED	eligible	1
SRR7421882	PRJNA477823		SINGLE	eligible	1
SRR7779181	PRJNA489076		PAIRED	eligible	1
SRR7779190	PRJNA489076		PAIRED	eligible	1
SRR7779192	PRJNA489076		PAIRED	eligible	1
SRR7779201	PRJNA489076		PAIRED	eligible	1
SRR8165633	PRJNA504034		PAIRED	eligible	1
SRR8165638	PRJNA504034		PAIRED	eligible	0
SRR8165653	PRJNA504034		PAIRED	eligible	1
SRR8165664	PRJNA504034		PAIRED	eligible	1
SRR8165677	PRJNA504034		PAIRED	eligible	1
SRR8165680	PRJNA504034		PAIRED	eligible	1
SRR8165681	PRJNA504034		PAIRED	eligible	1
SRR9137506	PRJNA545135		PAIRED	eligible	1
SRR9137510	PRJNA545135		PAIRED	eligible	1
SRR9151757	PRJNA545309	LR73	PAIRED	eligible	1
SRR9151760	PRJNA545309	LR73	PAIRED	eligible	1
SRR9620997	PRJNA551666	antibody-producing CHO DG44 cell line	SINGLE	eligible	1
SRR9621004	PRJNA551666	antibody-producing CHO DG44 cell line	SINGLE	eligible	1
SRR9621006	PRJNA551666	antibody-producing CHO DG44 cell line	SINGLE	eligible	1
SRR9621010	PRJNA551666	antibody-producing CHO DG44 cell line	SINGLE	eligible	1
SRR9621011	PRJNA551666	antibody-producing CHO DG44 cell line	SINGLE	eligible	1
SRR9621012	PRJNA551666	antibody-producing CHO DG44 cell line	SINGLE	eligible	1
SRR9621013	PRJNA551666	antibody-producing CHO DG44 cell line	SINGLE	eligible	1
SRR9621014	PRJNA551666	antibody-producing CHO DG44 cell line	SINGLE	eligible	1
SRR9621018	PRJNA551666	antibody-producing CHO DG44 cell line	SINGLE	eligible	1
SRR9621021	PRJNA551666	antibody-producing CHO DG44 cell line	SINGLE	eligible	1
SRR9621031	PRJNA551666	antibody-producing CHO DG44 cell line	SINGLE	eligible	1
SRR9621033	PRJNA551666	antibody-producing CHO DG44 cell line	SINGLE	eligible	1
SRR9621038	PRJNA551666	antibody-producing CHO DG44 cell line	SINGLE	eligible	1
SRR9621041	PRJNA551666	amplified progeny of cell line of antibody-producing CHO DG44	SINGLE	eligible	1
SRR9621042	PRJNA551666	amplified progeny of cell line of antibody-producing CHO DG44	SINGLE	eligible	1
SRR9621043	PRJNA551666	amplified progeny of cell line of antibody-producing CHO DG44	SINGLE	eligible	1
SRR9621044	PRJNA551666	amplified progeny of cell line of antibody-producing CHO DG44	SINGLE	eligible	1
SRR9621045	PRJNA551666	amplified progeny of cell line of antibody-producing CHO DG44	SINGLE	eligible	1
SRR9621050	PRJNA551666	amplified progeny of cell line of antibody-producing CHO DG44	SINGLE	eligible	1
SRR9621063	PRJNA551666	CHO-S cell line	SINGLE	eligible	1
SRR9621064	PRJNA551666	CHO-S cell line	SINGLE	eligible	1
SRR9621086	PRJNA551666	CHO-S cell line	SINGLE	eligible	1
SRR9703434	PRJNA555245	CHO	SINGLE	eligible	1
SRR9846912	PRJNA556890	CHO-K1	PAIRED	eligible	1
SRR10572660	PRJNA593052	CHOK1	PAIRED	eligible	1
SRR10669487	PRJNA594947	CHO	SINGLE	eligible	1
SRR10995631	PRJNA604220		PAIRED	eligible	1
SRR10995632	PRJNA604220		PAIRED	eligible	1
SRR10995633	PRJNA604220		PAIRED	eligible	1
SRR10995635	PRJNA604220		PAIRED	eligible	1
SRR10995637	PRJNA604220		PAIRED	eligible	1
SRR10995645	PRJNA604220		PAIRED	eligible	1
SRR10995646	PRJNA604220		PAIRED	eligible	1
SRR10995650	PRJNA604220		PAIRED	eligible	1
SRR10995651	PRJNA604220		PAIRED	eligible	1
SRR10995657	PRJNA604220		PAIRED	eligible	1
SRR10995661	PRJNA604220		PAIRED	eligible	1
SRR10995663	PRJNA604220		PAIRED	eligible	1
SRR10995664	PRJNA604220		PAIRED	eligible	1
SRR10995670	PRJNA604220		PAIRED	eligible	1
SRR10995671	PRJNA604220		PAIRED	eligible	1
SRR10995672	PRJNA604220		PAIRED	eligible	1
SRR10995679	PRJNA604220		PAIRED	eligible	1
SRR10995691	PRJNA604220		PAIRED	eligible	1
SRR10995692	PRJNA604220		PAIRED	eligible	1
SRR10995697	PRJNA604220		PAIRED	eligible	1
SRR10995698	PRJNA604220		PAIRED	eligible	1
SRR10995702	PRJNA604220		PAIRED	eligible	1
SRR15559102	PRJNA742028	Flip-In CHO-K1	SINGLE	eligible	1
SRR15559104	PRJNA742028	Flip-In CHO-K1	SINGLE	eligible	1
SRR15559121	PRJNA742028	Flip-In CHO-K1	SINGLE	eligible	1
SRR3161760	PRJNA311594	CHO-S	PAIRED	eligible	1
SRR3161761	PRJNA311594	CHO-S	PAIRED	eligible	1
SRR3161766	PRJNA311594	CHO-S	PAIRED	eligible	1
SRR3161777	PRJNA311594	CHO-S	PAIRED	eligible	1
SRR3161795	PRJNA311594	CHO-S	PAIRED	eligible	1
SRR5409491	PRJNA378247	Chinese hamster ovary	PAIRED	eligible	1
SRR5812564	PRJNA393479		PAIRED	eligible	1
SRR5812567	PRJNA393479		PAIRED	eligible	1
SRR5812570	PRJNA393479		PAIRED	eligible	1
SRR5812574	PRJNA393479		PAIRED	eligible	1
SRR5812577	PRJNA393479		PAIRED	eligible	1
SRR5812580	PRJNA393479		PAIRED	eligible	1
DRR091436	PRJDB5737	CHO-K1	SINGLE	eligible	1
DRR091438	PRJDB5737	CHO-K1	SINGLE	eligible	1
DRR091439	PRJDB5737	CHO-K1	SINGLE	eligible	1
DRR093874	PRJDB5831	CHO-DG44 lgG3SC20	PAIRED	eligible	1
DRR099457	PRJDB6126	CHO-S	SINGLE	eligible	1
DRR099466	PRJDB6126	CHO-S	SINGLE	eligible	1
DRR099467	PRJDB6126	CHO-S	SINGLE	eligible	1
DRR099472	PRJDB6126	CHO-S	SINGLE	eligible	1
DRR099479	PRJDB6126	CHO-S	SINGLE	eligible	1
DRR099487	PRJDB6126	CHO-S	SINGLE	eligible	1
DRR099488	PRJDB6126	CHO-S	SINGLE	eligible	1
DRR099490	PRJDB6126	CHO-S	SINGLE	eligible	1
DRR099496	PRJDB6126	CHO-S	SINGLE	eligible	1
DRR099497	PRJDB6126	CHO-S	SINGLE	eligible	1
DRR169270	PRJDB7945		SINGLE	eligible	1
DRR169274	PRJDB7945		SINGLE	eligible	1
DRR169276	PRJDB7945		SINGLE	eligible	1
DRR169277	PRJDB7945		SINGLE	eligible	1
DRR169282	PRJDB7945		SINGLE	eligible	1
DRR169283	PRJDB7945		SINGLE	eligible	1
DRR169287	PRJDB7945		SINGLE	eligible	1
DRR169288	PRJDB7945		SINGLE	eligible	1
DRR169290	PRJDB7945		SINGLE	eligible	1
DRR169291	PRJDB7945		SINGLE	eligible	1
DRR169294	PRJDB7945		SINGLE	eligible	1
DRR169301	PRJDB7945		SINGLE	eligible	1
DRR524605	PRJDB17021	CHO-K1	PAIRED	eligible	1
DRR524609	PRJDB17021	CHO-K1	PAIRED	eligible	1
DRR524612	PRJDB17021	CHO-S	PAIRED	eligible	1
DRR524629	PRJDB17021	CHO-K1	PAIRED	eligible	1
DRR706790	PRJDB35724	CHO-HcD6	PAIRED	eligible	1
ERR10745713	PRJEB55916		SINGLE	eligible	1
ERR10745715	PRJEB55916		SINGLE	eligible	1
ERR10745716	PRJEB55916		SINGLE	eligible	1
ERR10745719	PRJEB55916		SINGLE	eligible	1
ERR10745734	PRJEB55916		SINGLE	eligible	1
ERR10745737	PRJEB55916		SINGLE	eligible	1
ERR10745745	PRJEB55916		SINGLE	eligible	1
ERR10745747	PRJEB55916		SINGLE	eligible	1
ERR10745749	PRJEB55916		SINGLE	eligible	1
ERR10745751	PRJEB55916		SINGLE	eligible	1
ERR10745752	PRJEB55916		SINGLE	eligible	1
ERR10745753	PRJEB55916		SINGLE	eligible	1
ERR15000455	PRJEB89701	CHO-K1	PAIRED	eligible	1
ERR15000497	PRJEB89701	CHO-K1	PAIRED	eligible	1
ERR16729274	PRJEB108721		SINGLE	eligible	1
ERR16729276	PRJEB108721		SINGLE	eligible	1
ERR16729278	PRJEB108721		SINGLE	eligible	1
ERR16729283	PRJEB108721		SINGLE	eligible	1
ERR16729284	PRJEB108721		SINGLE	eligible	1
ERR16729285	PRJEB108721		SINGLE	eligible	1
ERR16729287	PRJEB108721		SINGLE	eligible	1
ERR16729289	PRJEB108721		SINGLE	eligible	1
ERR16729291	PRJEB108721		SINGLE	eligible	1
ERR2593201	PRJEB9291		PAIRED	eligible	1
ERR2593202	PRJEB9291		PAIRED	eligible	1
ERR3001878	PRJEB30364		PAIRED	eligible	1
ERR3001893	PRJEB30364		PAIRED	eligible	1
ERR3374024	PRJEB33024	CHO-K1	SINGLE	eligible	1
ERR3668309	PRJEB35183		PAIRED	eligible	1
ERR3668311	PRJEB35183		PAIRED	eligible	1
ERR4184077	PRJEB38542		SINGLE	eligible	1
ERR4184078	PRJEB38542		SINGLE	eligible	1
ERR4184080	PRJEB38542		SINGLE	eligible	1
ERR4184081	PRJEB38542		SINGLE	eligible	1
ERR4319917	PRJEB39258	Horizon-Discovery CHO-K1 (GS -/-)	PAIRED	eligible	1
ERR4319920	PRJEB39258	Horizon-Discovery CHO-K1 (GS -/-)	PAIRED	eligible	1
ERR7417863	PRJEB48931	CHO-K1	PAIRED	eligible	1
ERR7417867	PRJEB48931	CHO-K1	PAIRED	eligible	1
ERR7417869	PRJEB48931	CHO-K1	PAIRED	eligible	1
SRR10215648	PRJNA575354	CHO-K1	SINGLE	eligible	1
SRR10215650	PRJNA575354	CHO-K1	SINGLE	eligible	1
SRR10215652	PRJNA575354	CHO-K1	SINGLE	eligible	1
SRR10215653	PRJNA575354	CHO-K1	SINGLE	eligible	1
SRR10493804	PRJNA590486	3478	SINGLE	eligible	1
SRR10493805	PRJNA590486	3478	SINGLE	eligible	1
SRR10493809	PRJNA590486	3077	SINGLE	eligible	1
SRR10493811	PRJNA590486	3080	SINGLE	eligible	1
SRR10493814	PRJNA590486	3068	SINGLE	eligible	1
SRR10493816	PRJNA590486	3077	SINGLE	eligible	1
SRR10493857	PRJNA590485	3080	SINGLE	eligible	1
SRR10493859	PRJNA590485	3080	SINGLE	eligible	1
SRR10493862	PRJNA590485	3080	SINGLE	eligible	1
SRR10493863	PRJNA590485	3080	SINGLE	eligible	1
SRR10493869	PRJNA590485	3936	SINGLE	eligible	1
SRR10493870	PRJNA590485	3936	SINGLE	eligible	1
SRR10493875	PRJNA590485	4384	SINGLE	eligible	1
SRR10995639	PRJNA604220		PAIRED	eligible	1
SRR10995640	PRJNA604220		PAIRED	eligible	1
SRR10995642	PRJNA604220		PAIRED	eligible	1
SRR10995647	PRJNA604220		PAIRED	eligible	1
SRR10995666	PRJNA604220		PAIRED	eligible	1
SRR10995667	PRJNA604220		PAIRED	eligible	1
SRR10995676	PRJNA604220		PAIRED	eligible	1
SRR10995684	PRJNA604220		PAIRED	eligible	1
SRR10995687	PRJNA604220		PAIRED	eligible	1
SRR10995688	PRJNA604220		PAIRED	eligible	1
SRR10995689	PRJNA604220		PAIRED	eligible	1
SRR10995695	PRJNA604220		PAIRED	eligible	1
SRR10995699	PRJNA604220		PAIRED	eligible	1
SRR11184914	PRJNA599947	VRC01 CHO-K1	PAIRED	eligible	1
SRR11184917	PRJNA599947	VRC01 CHO-K1	PAIRED	eligible	1
SRR11184920	PRJNA599947	VRC01 CHO-K1	PAIRED	eligible	1
SRR11350305	PRJNA613438	CHO-S	SINGLE	eligible	1
SRR11350312	PRJNA613438	CHO-S	SINGLE	eligible	1
SRR11350319	PRJNA613438	CHO-S	SINGLE	eligible	1
SRR11721630	PRJNA630824		SINGLE	eligible	1
SRR11721640	PRJNA630824		SINGLE	eligible	1
SRR11721641	PRJNA630824		SINGLE	eligible	1
SRR11721654	PRJNA630824		SINGLE	eligible	1
SRR12587965	PRJNA661407	CHO K1 DP12	PAIRED	eligible	1
SRR12587967	PRJNA661407	CHO K1 DP12	PAIRED	eligible	1
SRR12618086	PRJNA662582	CHO	SINGLE	eligible	1
SRR12618088	PRJNA662582	CHO	SINGLE	eligible	1
SRR12618095	PRJNA662582	CHO	SINGLE	eligible	1
SRR12618099	PRJNA662582	CHO	SINGLE	eligible	1
SRR12618102	PRJNA662582	CHO	SINGLE	eligible	1
SRR12618110	PRJNA662582	CHO	SINGLE	eligible	1
SRR12618111	PRJNA662582	CHO	SINGLE	eligible	1
SRR12618114	PRJNA662582	CHO	SINGLE	eligible	1
SRR12618117	PRJNA662582	CHO	SINGLE	eligible	1
SRR12618122	PRJNA662582	CHO	SINGLE	eligible	1
SRR12618127	PRJNA662582	CHO	SINGLE	eligible	1
SRR12618128	PRJNA662582	CHO	SINGLE	eligible	1
SRR12618129	PRJNA662582	CHO	SINGLE	eligible	1
SRR12618132	PRJNA662582	CHO	SINGLE	eligible	1
SRR12618133	PRJNA662582	CHO	SINGLE	eligible	1
SRR12618138	PRJNA662582	CHO	SINGLE	eligible	1
SRR12618139	PRJNA662582	CHO	SINGLE	eligible	1
SRR14860929	PRJNA739051		PAIRED	eligible	1
SRR14860931	PRJNA739051		PAIRED	eligible	1
SRR14860932	PRJNA739051		PAIRED	eligible	1
SRR14860934	PRJNA739051		PAIRED	eligible	1
SRR14860937	PRJNA739051		PAIRED	eligible	1
SRR14860939	PRJNA739051		PAIRED	eligible	1
SRR15111551	PRJNA746067		PAIRED	eligible	1
SRR15111563	PRJNA746067		PAIRED	eligible	1
SRR15111569	PRJNA746067		PAIRED	eligible	1
SRR15111575	PRJNA746067		PAIRED	eligible	1
SRR1516215	PRJNA255418		SINGLE	eligible	1
SRR15221372	PRJNA749145		PAIRED	eligible	1
SRR15221374	PRJNA749145		PAIRED	eligible	1
SRR15221384	PRJNA749145		PAIRED	eligible	1
SRR15221386	PRJNA749145		PAIRED	eligible	1
SRR15221387	PRJNA749145		PAIRED	eligible	1
SRR15221389	PRJNA749145		PAIRED	eligible	1
SRR15221398	PRJNA749145		PAIRED	eligible	1
SRR15221400	PRJNA749145		PAIRED	eligible	1
SRR15559106	PRJNA742028	Flip-In CHO-K1	SINGLE	eligible	1
SRR15559108	PRJNA742028	Flip-In CHO-K1	SINGLE	eligible	1
SRR15559116	PRJNA742028	Flip-In CHO-K1	SINGLE	eligible	1
SRR15559118	PRJNA742028	Flip-In CHO-K1	SINGLE	eligible	1
SRR16980321	PRJNA766998		PAIRED	eligible	1
SRR16980340	PRJNA766998		PAIRED	eligible	1
SRR16980343	PRJNA766998		PAIRED	eligible	1
SRR16980359	PRJNA766998		PAIRED	eligible	1
SRR16980360	PRJNA766998		PAIRED	eligible	1
SRR16980367	PRJNA766998		PAIRED	eligible	1
SRR16980370	PRJNA766998		PAIRED	eligible	1
SRR18163665	PRJNA810994	CHO-K1 (CCL-61 ATCC)	SINGLE	eligible	1
SRR18502224	PRJNA820638	CHO (ATCC CCL-61)	PAIRED	eligible	1
SRR18502235	PRJNA820638	CHO (ATCC CCL-61)	PAIRED	eligible	1
SRR18502237	PRJNA820638	CHO (ATCC CCL-61)	PAIRED	eligible	1
SRR19256295	PRJNA839086	Chinese hamster ovary cells (CHO-S)	PAIRED	eligible	1
SRR19256296	PRJNA839086	Chinese hamster ovary cells (CHO-S)	PAIRED	eligible	1
SRR19256306	PRJNA839086	Chinese hamster ovary cells (CHO-S)	PAIRED	eligible	1
SRR23603792	PRJNA938154	Icosagen QMCF	PAIRED	eligible	1
SRR23603798	PRJNA938154	Icosagen QMCF	PAIRED	eligible	1
SRR23603803	PRJNA938154	Icosagen QMCF	PAIRED	eligible	1
SRR23603806	PRJNA938154	Icosagen QMCF	PAIRED	eligible	1
SRR23603807	PRJNA938154	Icosagen QMCF	PAIRED	eligible	1
SRR23603810	PRJNA938154	Icosagen QMCF	PAIRED	eligible	1
SRR23603812	PRJNA938154	Icosagen QMCF	PAIRED	eligible	1
SRR23603813	PRJNA938154	Icosagen QMCF	PAIRED	eligible	1
SRR23603815	PRJNA938154	Icosagen QMCF	PAIRED	eligible	1
SRR23603818	PRJNA938154	Icosagen QMCF	PAIRED	eligible	1
SRR23603823	PRJNA938154	Icosagen QMCF	PAIRED	eligible	1
SRR23603824	PRJNA938154	Icosagen QMCF	PAIRED	eligible	1
SRR23603826	PRJNA938154	Icosagen QMCF	PAIRED	eligible	1
SRR23603831	PRJNA938154	Icosagen QMCF	PAIRED	eligible	1
SRR23603835	PRJNA938154	Icosagen QMCF	PAIRED	eligible	1
SRR23603839	PRJNA938154	Icosagen QMCF	PAIRED	eligible	1
SRR23603841	PRJNA938154	Icosagen QMCF	PAIRED	eligible	1
SRR23603853	PRJNA938154	Icosagen QMCF	PAIRED	eligible	1
SRR23603859	PRJNA938154	Icosagen QMCF	PAIRED	eligible	1
SRR23603862	PRJNA938154	Icosagen QMCF	PAIRED	eligible	1
SRR23603865	PRJNA938154	Icosagen QMCF	PAIRED	eligible	1
SRR23603866	PRJNA938154	Icosagen QMCF	PAIRED	eligible	1
SRR23603876	PRJNA938154	Icosagen QMCF	PAIRED	eligible	1
SRR23702453	PRJNA941080		PAIRED	eligible	1
SRR23702457	PRJNA941080		PAIRED	eligible	1
SRR24099903	PRJNA953054	MI5-4 (CHO)	PAIRED	eligible	1
SRR24650911	PRJNA974014	CHOZN GS -/- ZFN Clone 23	PAIRED	eligible	1
SRR24650919	PRJNA974014	CHOZN GS -/- ZFN Clone 23	PAIRED	eligible	1
SRR24650921	PRJNA974014	CHOZN GS -/- ZFN Clone 23	PAIRED	eligible	1
SRR24650924	PRJNA974014	CHOZN GS -/- ZFN Clone 23	PAIRED	eligible	1
SRR24650925	PRJNA974014	CHOZN GS -/- ZFN Clone 23	PAIRED	eligible	1
SRR24650935	PRJNA974014	CHOZN GS -/- ZFN Clone 23	PAIRED	eligible	1
SRR24650936	PRJNA974014	CHOZN GS -/- ZFN Clone 23	PAIRED	eligible	1
SRR24650937	PRJNA974014	CHOZN GS -/- ZFN Clone 23	PAIRED	eligible	1
SRR24650949	PRJNA974014	CHOZN GS -/- ZFN Clone 23	PAIRED	eligible	1
SRR24650952	PRJNA974014	CHOZN GS -/- ZFN Clone 23	PAIRED	eligible	1
SRR24650960	PRJNA974014	CHOZN GS -/- ZFN Clone 23	PAIRED	eligible	1
SRR24650963	PRJNA974014	CHOZN GS -/- ZFN Clone 23	PAIRED	eligible	1
SRR24650972	PRJNA974014	CHOZN GS -/- ZFN Clone 23	PAIRED	eligible	1
SRR24650973	PRJNA974014	CHOZN GS -/- ZFN Clone 23	PAIRED	eligible	1
SRR24650975	PRJNA974014	CHOZN GS -/- ZFN Clone 23	PAIRED	eligible	1
SRR24650981	PRJNA974014	CHOZN GS -/- ZFN Clone 23	PAIRED	eligible	1
SRR24650989	PRJNA974014	CHOZN GS -/- ZFN Clone 23	PAIRED	eligible	1
SRR24650992	PRJNA974014	CHOZN GS -/- ZFN Clone 23	PAIRED	eligible	1
SRR24650994	PRJNA974014	CHOZN GS -/- ZFN Clone 23	PAIRED	eligible	1
ERR3972095	PRJEB37009		SINGLE	eligible	1
ERR3972096	PRJEB37009		SINGLE	eligible	1
SRR10572657	PRJNA593052	CHOK1	PAIRED	eligible	1
SRR17085239	PRJNA785251	CHO-K1	SINGLE	eligible	1
SRR17085253	PRJNA785251	CHO-K1	SINGLE	eligible	1
SRR17085254	PRJNA785251	CHO-K1	SINGLE	eligible	1
SRR17085257	PRJNA785251	CHO-K1	SINGLE	eligible	1
SRR17085258	PRJNA785251	CHO-K1	SINGLE	eligible	1
SRR17085259	PRJNA785251	CHO-K1	SINGLE	eligible	1
SRR17085260	PRJNA785251	CHO-K1	SINGLE	eligible	1
SRR17085266	PRJNA785251	CHO-K1	SINGLE	eligible	1
SRR17085267	PRJNA785251	CHO-K1	SINGLE	eligible	1
SRR17085268	PRJNA785251	CHO-K1	SINGLE	eligible	1
SRR17085270	PRJNA785251	CHO-K1	SINGLE	eligible	1
SRR17085279	PRJNA785251	CHO-K1	SINGLE	eligible	1
SRR17085281	PRJNA785251	CHO-K1	SINGLE	eligible	1
SRR17085283	PRJNA785251	CHO-K1	SINGLE	eligible	1
SRR17085293	PRJNA785251	CHO-K1	SINGLE	eligible	1
SRR17085294	PRJNA785251	CHO-K1	SINGLE	eligible	1
SRR17085295	PRJNA785251	CHO-K1	SINGLE	eligible	1
SRR17085299	PRJNA785251	CHO-K1	SINGLE	eligible	1
SRR17085302	PRJNA785251	CHO-K1	SINGLE	eligible	1
SRR17085303	PRJNA785251	CHO-K1	SINGLE	eligible	1
SRR17085304	PRJNA785251	CHO-K1	SINGLE	eligible	1
SRR17085315	PRJNA785251	CHO-K1	SINGLE	eligible	1
SRR17085316	PRJNA785251	CHO-K1	SINGLE	eligible	1
SRR17085318	PRJNA785251	CHO-K1	SINGLE	eligible	1
SRR17085331	PRJNA785251	CHO-K1	SINGLE	eligible	1
SRR17085333	PRJNA785251	CHO-K1	SINGLE	eligible	1
SRR17085334	PRJNA785251	CHO-K1	SINGLE	eligible	1
SRR36222939	PRJNA1363687	CHO-K1	PAIRED	eligible	1
SRR36663598	PRJNA1397464		PAIRED	eligible	1
SRR36699391	PRJNA1399147	CHO-K1	PAIRED	eligible	1
SRR5358887	PRJNA378939		PAIRED	eligible	1
SRR5358888	PRJNA378939		PAIRED	eligible	1
SRR5409492	PRJNA378247	Chinese hamster ovary	PAIRED	eligible	1
SRR5812565	PRJNA393479		PAIRED	eligible	1
SRR5812573	PRJNA393479		PAIRED	eligible	1
SRR7770743	PRJNA488640		PAIRED	eligible	1
SRR7770746	PRJNA488640		PAIRED	eligible	1
SRR7770749	PRJNA488640		PAIRED	eligible	1
SRR7779173	PRJNA489076		PAIRED	eligible	1
SRR7779178	PRJNA489076		PAIRED	eligible	1
SRR7779185	PRJNA489076		PAIRED	eligible	1
SRR7779189	PRJNA489076		PAIRED	eligible	1
SRR7779191	PRJNA489076		PAIRED	eligible	1
SRR7779193	PRJNA489076		PAIRED	eligible	1
SRR7779196	PRJNA489076		PAIRED	eligible	1
SRR8165621	PRJNA504034		PAIRED	eligible	1
SRR8165622	PRJNA504034		PAIRED	eligible	1
SRR8165623	PRJNA504034		PAIRED	eligible	1
SRR8165625	PRJNA504034		PAIRED	eligible	1
SRR8165662	PRJNA504034		PAIRED	eligible	1
SRR8165663	PRJNA504034		PAIRED	eligible	1
SRR8165668	PRJNA504034		PAIRED	eligible	1
SRR8165678	PRJNA504034		PAIRED	eligible	1
SRR8165682	PRJNA504034		PAIRED	eligible	1
SRR9137508	PRJNA545135		PAIRED	eligible	1
SRR9151768	PRJNA545309	LR73	PAIRED	eligible	1
SRR9620992	PRJNA551666	antibody-producing CHO DG44 cell line	SINGLE	eligible	1
SRR9620994	PRJNA551666	antibody-producing CHO DG44 cell line	SINGLE	eligible	1
SRR9621003	PRJNA551666	antibody-producing CHO DG44 cell line	SINGLE	eligible	1
SRR9621008	PRJNA551666	antibody-producing CHO DG44 cell line	SINGLE	eligible	1
SRR9621019	PRJNA551666	antibody-producing CHO DG44 cell line	SINGLE	eligible	1
SRR9621020	PRJNA551666	antibody-producing CHO DG44 cell line	SINGLE	eligible	1
SRR9621022	PRJNA551666	antibody-producing CHO DG44 cell line	SINGLE	eligible	1
SRR9621025	PRJNA551666	antibody-producing CHO DG44 cell line	SINGLE	eligible	1
SRR9621026	PRJNA551666	antibody-producing CHO DG44 cell line	SINGLE	eligible	1
SRR9621032	PRJNA551666	antibody-producing CHO DG44 cell line	SINGLE	eligible	1
SRR9621034	PRJNA551666	antibody-producing CHO DG44 cell line	SINGLE	eligible	1
SRR9621039	PRJNA551666	amplified progeny of cell line of antibody-producing CHO DG44	SINGLE	eligible	1
SRR9621047	PRJNA551666	amplified progeny of cell line of antibody-producing CHO DG44	SINGLE	eligible	1
SRR9621048	PRJNA551666	amplified progeny of cell line of antibody-producing CHO DG44	SINGLE	eligible	1
SRR9621049	PRJNA551666	amplified progeny of cell line of antibody-producing CHO DG44	SINGLE	eligible	1
SRR9621054	PRJNA551666	amplified progeny of cell line of antibody-producing CHO DG44	SINGLE	eligible	1
SRR9621056	PRJNA551666	amplified progeny of cell line of antibody-producing CHO DG44	SINGLE	eligible	1
SRR9621061	PRJNA551666	amplified progeny of cell line of antibody-producing CHO DG44	SINGLE	eligible	1
SRR9621062	PRJNA551666	amplified progeny of cell line of antibody-producing CHO DG44	SINGLE	eligible	1
SRR9621065	PRJNA551666	CHO-S cell line	SINGLE	eligible	1
SRR9621068	PRJNA551666	CHO-S cell line	SINGLE	eligible	1
SRR9621072	PRJNA551666	CHO-S cell line	SINGLE	eligible	1
SRR9621074	PRJNA551666	CHO-S cell line	SINGLE	eligible	1
SRR9621075	PRJNA551666	CHO-S cell line	SINGLE	eligible	1
SRR9621076	PRJNA551666	CHO-S cell line	SINGLE	eligible	1
SRR9621077	PRJNA551666	CHO-S cell line	SINGLE	eligible	1
SRR9846909	PRJNA556890	CHO-K1	PAIRED	eligible	1
SRR9846910	PRJNA556890	CHO-K1	PAIRED	eligible	1
SRR9846911	PRJNA556890	CHO-K1	PAIRED	eligible	1
SRR22143437	PRJNA896947	VRC01	PAIRED	eligible	1
SRR22143449	PRJNA896947	VRC01	PAIRED	eligible	1
SRR22246869	PRJNA899862	CHOZN GS-/- clone 1	PAIRED	eligible	1
SRR22246875	PRJNA899862	CHOZN GS-/- clone 2	PAIRED	eligible	1
SRR22246878	PRJNA899862	CHOZN GS-/- clone 1	PAIRED	eligible	1
SRR22246879	PRJNA899862	CHOZN GS-/- clone 1	PAIRED	eligible	1
SRR22246884	PRJNA899862	CHOZN GS-/- clone 2	PAIRED	eligible	1
SRR22246885	PRJNA899862	CHOZN GS-/- clone 2	PAIRED	eligible	1
SRR22246887	PRJNA899862	CHOZN GS-/- clone 1	PAIRED	eligible	1
SRR22246893	PRJNA899862	CHOZN GS-/- clone 2	PAIRED	eligible	1
SRR22246897	PRJNA899862	CHOZN GS-/- clone 2	PAIRED	eligible	1
SRR22810193	PRJNA913861	stably expressing Cdh13	SINGLE	eligible	1
SRR28349052	PRJNA1088164		PAIRED	eligible	0
SRR28349055	PRJNA1088164		PAIRED	eligible	1
SRR28349058	PRJNA1088164		PAIRED	eligible	0
SRR28349059	PRJNA1088164		PAIRED	eligible	0
SRR2922599	PRJNA302601	CHO-K1	SINGLE	eligible	1
SRR2922601	PRJNA302601	CHO-K1	SINGLE	eligible	1
SRR29441691	PRJNA1123849	CHO-K1	PAIRED	eligible	1
SRR29441692	PRJNA1123849	CHO-K1	PAIRED	eligible	1
SRR29441694	PRJNA1123849	CHO-K1	PAIRED	eligible	1
SRR29441698	PRJNA1123849	CHO-K1	PAIRED	eligible	1
SRR29672912	PRJNA1130622	rCHO DP-12	PAIRED	eligible	1
SRR29672931	PRJNA1130622	rCHO DP-12	PAIRED	eligible	1
SRR29672939	PRJNA1130622	rCHO DP-12	PAIRED	eligible	1
SRR2968325	PRJNA304606		PAIRED	eligible	1
SRR3161762	PRJNA311594	CHO-S	PAIRED	eligible	1
SRR3161772	PRJNA311594	CHO-S	PAIRED	eligible	1
SRR3161773	PRJNA311594	CHO-S	PAIRED	eligible	1
SRR3161782	PRJNA311594	CHO-S	PAIRED	eligible	1
SRR3161787	PRJNA311594	CHO-S	PAIRED	eligible	1
SRR3161788	PRJNA311594	CHO-S	PAIRED	eligible	1
SRR3161790	PRJNA311594	CHO-S	PAIRED	eligible	1
SRR3161791	PRJNA311594	CHO-S	PAIRED	eligible	1
SRR3161794	PRJNA311594	CHO-S	PAIRED	eligible	1
SRR3284445	PRJNA316065		SINGLE	eligible	1
SRR3284447	PRJNA316065		SINGLE	eligible	1
SRR33198153	PRJNA1252143	CHO-S	PAIRED	eligible	1
SRR33198156	PRJNA1252143	CHO-S	PAIRED	eligible	1
SRR33198157	PRJNA1252143	CHO-S	PAIRED	eligible	1
SRR33198162	PRJNA1252143	CHO-S	PAIRED	eligible	1
SRR33198164	PRJNA1252143	CHO-S	PAIRED	eligible	1
SRR33309096	PRJNA1254963	CHO-S	PAIRED	eligible	1
SRR33309107	PRJNA1254963	CHO-S	PAIRED	eligible	1
SRR33309108	PRJNA1254963	CHO-S	PAIRED	eligible	1
SRR33309116	PRJNA1254963	CHO-S	PAIRED	eligible	1
SRR3401746	PRJNA318886	CHO-K1	PAIRED	eligible	1
SRR35653646	PRJNA1335855		PAIRED	eligible	1
SRR35653647	PRJNA1335855		PAIRED	eligible	1
SRR35653651	PRJNA1335855		PAIRED	eligible	1
SRR35653652	PRJNA1335855		PAIRED	eligible	1
SRR3946102	PRJNA330832		SINGLE	eligible	1
SRR3946107	PRJNA330832		SINGLE	eligible	1
SRR3946109	PRJNA330832		SINGLE	eligible	1
SRR39499717	PRJNA1489724	CHO DG44	PAIRED	eligible	1
SRR39499718	PRJNA1489724	CHO DG44	PAIRED	eligible	1
SRR39503243	PRJNA1489724	CHO DG44	PAIRED	eligible	1
SRR39503244	PRJNA1489724	CHO DG44	PAIRED	eligible	1
SRR39511190	PRJNA1489724	CHO DG44	PAIRED	eligible	1
SRR39561850	PRJNA1492564	CHO-S/HB8-Ags#18	PAIRED	eligible	1
SRR39561853	PRJNA1492564	CHO 4BGD/Dul#73	PAIRED	eligible	1
SRR39561855	PRJNA1492564	CHO 4BGD/Dul#73	PAIRED	eligible	1
SRR39561856	PRJNA1492564	CHO 4BGD/Dul#73	PAIRED	eligible	1
SRR39561859	PRJNA1492564	CHO 4BGD/Dul#73	PAIRED	eligible	1
SRR40188909	PRJNA1497331		PAIRED	eligible	1
SRR40188910	PRJNA1497331		PAIRED	eligible	1
SRR40188912	PRJNA1497331		PAIRED	eligible	1
SRR40310838	PRJNA1516528	EACC CHO K1	PAIRED	eligible	1
SRR40310840	PRJNA1516528	EACC CHO K1	PAIRED	eligible	1
SRR4035675	PRJNA339147	CHO-K1	SINGLE	eligible	1
SRR4035676	PRJNA339147	CHO-K1	SINGLE	eligible	1
SRR4035679	PRJNA339147	CHO-K1	SINGLE	eligible	1
DRR091431	PRJDB5737	CHO-K1	SINGLE	eligible	1
DRR091433	PRJDB5737	CHO-K1	SINGLE	eligible	1
DRR091434	PRJDB5737	CHO-K1	SINGLE	eligible	1
DRR093872	PRJDB5831	CHO-DG44 SC20	PAIRED	eligible	1
DRR093873	PRJDB5831	CHO-DG44 SC39	PAIRED	eligible	1
DRR099459	PRJDB6126	CHO-S	SINGLE	eligible	1
DRR099465	PRJDB6126	CHO-S	SINGLE	eligible	1
DRR099470	PRJDB6126	CHO-S	SINGLE	eligible	1
DRR099475	PRJDB6126	CHO-S	SINGLE	eligible	1
DRR099478	PRJDB6126	CHO-S	SINGLE	eligible	1
DRR099482	PRJDB6126	CHO-S	SINGLE	eligible	1
DRR099486	PRJDB6126	CHO-S	SINGLE	eligible	1
DRR099498	PRJDB6126	CHO-S	SINGLE	eligible	1
DRR099499	PRJDB6126	CHO-S	SINGLE	eligible	1
DRR164940	PRJDB7873		SINGLE	eligible	1
DRR164947	PRJDB7873		SINGLE	eligible	1
DRR164948	PRJDB7873		SINGLE	eligible	1
DRR164949	PRJDB7873		SINGLE	eligible	1
DRR169273	PRJDB7945		SINGLE	eligible	1
DRR169285	PRJDB7945		SINGLE	eligible	1
DRR169296	PRJDB7945		SINGLE	eligible	1
DRR169302	PRJDB7945		SINGLE	eligible	1
DRR524624	PRJDB17021	CHO-S	PAIRED	eligible	1
DRR524625	PRJDB17021	CHO-K1	PAIRED	eligible	1
DRR706783	PRJDB35724	CHO-S	PAIRED	eligible	1
DRR706784	PRJDB35724	CHO-S	PAIRED	eligible	1
ERR10745712	PRJEB55916		SINGLE	eligible	1
ERR10745721	PRJEB55916		SINGLE	eligible	1
ERR10745722	PRJEB55916		SINGLE	eligible	1
ERR10745723	PRJEB55916		SINGLE	eligible	1
ERR10745726	PRJEB55916		SINGLE	eligible	1
ERR10745729	PRJEB55916		SINGLE	eligible	1
ERR10745732	PRJEB55916		SINGLE	eligible	1
ERR10745741	PRJEB55916		SINGLE	eligible	1
ERR10745744	PRJEB55916		SINGLE	eligible	1
ERR10745746	PRJEB55916		SINGLE	eligible	1
ERR15000459	PRJEB89701	CHO-K1	PAIRED	eligible	1
ERR15000463	PRJEB89701	CHO-K1	PAIRED	eligible	1
ERR15000471	PRJEB89701	CHO-K1	PAIRED	eligible	1
ERR15000473	PRJEB89701	CHO-K1	PAIRED	eligible	1
ERR15000476	PRJEB89701	CHO-K1	PAIRED	eligible	1
ERR16729281	PRJEB108721		SINGLE	eligible	1
ERR16729292	PRJEB108721		SINGLE	eligible	1
ERR16729294	PRJEB108721		SINGLE	eligible	1
ERR16729296	PRJEB108721		SINGLE	eligible	1
ERR16729297	PRJEB108721		SINGLE	eligible	1
ERR1983096	PRJEB14303		PAIRED	eligible	1
ERR2593200	PRJEB9291		PAIRED	eligible	1
ERR2593204	PRJEB9291		PAIRED	eligible	1
ERR2593205	PRJEB9291		PAIRED	eligible	1
ERR3001882	PRJEB30364		PAIRED	eligible	1
ERR3001886	PRJEB30364		PAIRED	eligible	1
ERR3001889	PRJEB30364		PAIRED	eligible	1
ERR3374025	PRJEB33024	CHO-K1	SINGLE	eligible	1
ERR3668310	PRJEB35183		PAIRED	eligible	1
ERR4184073	PRJEB38542		SINGLE	eligible	1
ERR4184076	PRJEB38542		SINGLE	eligible	1
ERR4184079	PRJEB38542		SINGLE	eligible	1
ERR4184082	PRJEB38542		SINGLE	eligible	1
ERR4184083	PRJEB38542		SINGLE	eligible	1
ERR4319912	PRJEB39258	Horizon-Discovery CHO-K1 (GS -/-)	PAIRED	eligible	1
ERR4319915	PRJEB39258	Horizon-Discovery CHO-K1 (GS -/-)	PAIRED	eligible	1
ERR4319916	PRJEB39258	Horizon-Discovery CHO-K1 (GS -/-)	PAIRED	eligible	1
ERR4319924	PRJEB39258	Horizon-Discovery CHO-K1 (GS -/-)	PAIRED	eligible	1
ERR4319927	PRJEB39258	Horizon-Discovery CHO-K1 (GS -/-)	PAIRED	eligible	1
ERR4319929	PRJEB39258	Horizon-Discovery CHO-K1 (GS -/-)	PAIRED	eligible	1
SRR10215655	PRJNA575354	CHO-K1	SINGLE	eligible	1
SRR11184908	PRJNA599947	VRC01 CHO-K1	PAIRED	eligible	1
SRR11184912	PRJNA599947	VRC01 CHO-K1	PAIRED	eligible	1
SRR11184913	PRJNA599947	VRC01 CHO-K1	PAIRED	eligible	1
SRR11184916	PRJNA599947	VRC01 CHO-K1	PAIRED	eligible	1
SRR11184919	PRJNA599947	VRC01 CHO-K1	PAIRED	eligible	1
SRR11350313	PRJNA613438	CHO-S	SINGLE	eligible	1
SRR11721643	PRJNA630824		SINGLE	eligible	1
SRR11721652	PRJNA630824		SINGLE	eligible	1
SRR11721655	PRJNA630824		SINGLE	eligible	1
SRR11721656	PRJNA630824		SINGLE	eligible	1
SRR12194145	PRJNA645419		PAIRED	eligible	1
SRR12194152	PRJNA645419		PAIRED	eligible	1
SRR12587964	PRJNA661407	CHO K1 DP12	PAIRED	eligible	1
SRR12618091	PRJNA662582	CHO	SINGLE	eligible	1
SRR12618094	PRJNA662582	CHO	SINGLE	eligible	1
SRR12618097	PRJNA662582	CHO	SINGLE	eligible	1
SRR12618101	PRJNA662582	CHO	SINGLE	eligible	1
SRR12618115	PRJNA662582	CHO	SINGLE	eligible	1
SRR12618119	PRJNA662582	CHO	SINGLE	eligible	1
SRR12618124	PRJNA662582	CHO	SINGLE	eligible	1
SRR12618131	PRJNA662582	CHO	SINGLE	eligible	1
SRR14860925	PRJNA739051		PAIRED	eligible	1
SRR14860926	PRJNA739051		PAIRED	eligible	1
SRR14860927	PRJNA739051		PAIRED	eligible	1
SRR14860933	PRJNA739051		PAIRED	eligible	1
SRR14860935	PRJNA739051		PAIRED	eligible	1
SRR14860941	PRJNA739051		PAIRED	eligible	1
SRR14860942	PRJNA739051		PAIRED	eligible	1
SRR15111553	PRJNA746067		PAIRED	eligible	1
SRR15111557	PRJNA746067		PAIRED	eligible	1
SRR15111559	PRJNA746067		PAIRED	eligible	1
SRR15111564	PRJNA746067		PAIRED	eligible	1
SRR15111572	PRJNA746067		PAIRED	eligible	1
SRR15111573	PRJNA746067		PAIRED	eligible	1
SRR15111574	PRJNA746067		PAIRED	eligible	1
SRR15111576	PRJNA746067		PAIRED	eligible	1
SRR15111577	PRJNA746067		PAIRED	eligible	1
SRR15111578	PRJNA746067		PAIRED	eligible	1
SRR15111579	PRJNA746067		PAIRED	eligible	1
SRR1516214	PRJNA255418		SINGLE	eligible	1
SRR15221371	PRJNA749145		PAIRED	eligible	1
SRR15221383	PRJNA749145		PAIRED	eligible	1
SRR15221385	PRJNA749145		PAIRED	eligible	1
SRR15221390	PRJNA749145		PAIRED	eligible	1
SRR15221393	PRJNA749145		PAIRED	eligible	1
SRR15923892	PRJNA763926	ChA27	PAIRED	eligible	1
SRR15923900	PRJNA763926	ChA27	PAIRED	eligible	1
SRR16796943	PRJNA778050	CHO-K1	SINGLE	eligible	1
SRR16796971	PRJNA778050	CHO-K1	SINGLE	eligible	1
SRR16980328	PRJNA766998		PAIRED	eligible	1
SRR16980338	PRJNA766998		PAIRED	eligible	1
SRR16980339	PRJNA766998		PAIRED	eligible	1
SRR16980341	PRJNA766998		PAIRED	eligible	1
SRR16980348	PRJNA766998		PAIRED	eligible	1
SRR16980356	PRJNA766998		PAIRED	eligible	1
SRR16980362	PRJNA766998		PAIRED	eligible	1
SRR16980363	PRJNA766998		PAIRED	eligible	1
SRR16980369	PRJNA766998		PAIRED	eligible	1
SRR16980372	PRJNA766998		PAIRED	eligible	1
SRR17085234	PRJNA785251	CHO-K1	SINGLE	eligible	1
SRR17085236	PRJNA785251	CHO-K1	SINGLE	eligible	1
SRR17085238	PRJNA785251	CHO-K1	SINGLE	eligible	1
SRR17085249	PRJNA785251	CHO-K1	SINGLE	eligible	1
SRR17085265	PRJNA785251	CHO-K1	SINGLE	eligible	1
SRR17085280	PRJNA785251	CHO-K1	SINGLE	eligible	1
SRR17085284	PRJNA785251	CHO-K1	SINGLE	eligible	1
SRR17085285	PRJNA785251	CHO-K1	SINGLE	eligible	1
SRR17085300	PRJNA785251	CHO-K1	SINGLE	eligible	1
SRR17085301	PRJNA785251	CHO-K1	SINGLE	eligible	1
SRR17085307	PRJNA785251	CHO-K1	SINGLE	eligible	1
SRR17085312	PRJNA785251	CHO-K1	SINGLE	eligible	1
SRR17085319	PRJNA785251	CHO-K1	SINGLE	eligible	1
SRR17085322	PRJNA785251	CHO-K1	SINGLE	eligible	1
SRR17085336	PRJNA785251	CHO-K1	SINGLE	eligible	1
SRR17085338	PRJNA785251	CHO-K1	SINGLE	eligible	1
SRR17085340	PRJNA785251	CHO-K1	SINGLE	eligible	1
SRR18163655	PRJNA810994	CHO-K1 (CCL-61 ATCC)	SINGLE	eligible	1
SRR18163657	PRJNA810994	CHO-K1 (CCL-61 ATCC)	SINGLE	eligible	1
SRR18163658	PRJNA810994	CHO-K1 (CCL-61 ATCC)	SINGLE	eligible	1
SRR18163661	PRJNA810994	CHO-K1 (CCL-61 ATCC)	SINGLE	eligible	1
SRR18163663	PRJNA810994	CHO-K1 (CCL-61 ATCC)	SINGLE	eligible	1
SRR18163669	PRJNA810994	CHO-K1 (CCL-61 ATCC)	SINGLE	eligible	1
SRR18502232	PRJNA820638	CHO (ATCC CCL-61)	PAIRED	eligible	1
SRR18502236	PRJNA820638	CHO (ATCC CCL-61)	PAIRED	eligible	1
SRR19256299	PRJNA839086	Chinese hamster ovary cells (CHO-S)	PAIRED	eligible	1
SRR19256303	PRJNA839086	Chinese hamster ovary cells (CHO-S)	PAIRED	eligible	1
SRR19256304	PRJNA839086	Chinese hamster ovary cells (CHO-S)	PAIRED	eligible	1
SRR22143448	PRJNA896947	VRC01	PAIRED	eligible	1
SRR22246871	PRJNA899862	CHOZN GS-/- clone 1	PAIRED	eligible	1
SRR22246872	PRJNA899862	CHOZN GS-/-	PAIRED	eligible	1
SRR22246889	PRJNA899862	CHOZN GS-/- clone 1	PAIRED	eligible	1
SRR22246890	PRJNA899862	CHOZN GS-/-	PAIRED	eligible	1
SRR22246894	PRJNA899862	CHOZN GS-/- clone 2	PAIRED	eligible	1
SRR22246895	PRJNA899862	CHOZN GS-/- clone 2	PAIRED	eligible	1
SRR22246899	PRJNA899862	CHOZN GS-/- clone 1	PAIRED	eligible	1
SRR22246900	PRJNA899862	CHOZN GS-/- clone 1	PAIRED	eligible	1
SRR22246903	PRJNA899862	CHOZN GS-/-	PAIRED	eligible	1
SRR24099901	PRJNA953054	MI5-4 (CHO)	PAIRED	eligible	1
SRR24099904	PRJNA953054	MI5-4 (CHO)	PAIRED	eligible	1
SRR24099907	PRJNA953054	MI5-4 (CHO)	PAIRED	eligible	1
SRR24099908	PRJNA953054	MI5-4 (CHO)	PAIRED	eligible	1
SRR24650910	PRJNA974014	CHOZN GS -/- ZFN Clone 23	PAIRED	eligible	1
SRR24650926	PRJNA974014	CHOZN GS -/- ZFN Clone 23	PAIRED	eligible	1
SRR24650941	PRJNA974014	CHOZN GS -/- ZFN Clone 23	PAIRED	eligible	1
SRR24650946	PRJNA974014	CHOZN GS -/- ZFN Clone 23	PAIRED	eligible	1
SRR24650948	PRJNA974014	CHOZN GS -/- ZFN Clone 23	PAIRED	eligible	1
SRR24650954	PRJNA974014	CHOZN GS -/- ZFN Clone 23	PAIRED	eligible	1
SRR24650957	PRJNA974014	CHOZN GS -/- ZFN Clone 23	PAIRED	eligible	1
SRR24650958	PRJNA974014	CHOZN GS -/- ZFN Clone 23	PAIRED	eligible	1
SRR24650962	PRJNA974014	CHOZN GS -/- ZFN Clone 23	PAIRED	eligible	1
SRR24650967	PRJNA974014	CHOZN GS -/- ZFN Clone 23	PAIRED	eligible	1
SRR24650969	PRJNA974014	CHOZN GS -/- ZFN Clone 23	PAIRED	eligible	1
SRR24650988	PRJNA974014	CHOZN GS -/- ZFN Clone 23	PAIRED	eligible	1
SRR24651003	PRJNA974014	CHOZN GS -/- ZFN Clone 23	PAIRED	eligible	1
SRR25184720	PRJNA992436		PAIRED	eligible	1
ERR3972086	PRJEB37009		SINGLE	eligible	1
ERR3972088	PRJEB37009		SINGLE	eligible	1
ERR3972089	PRJEB37009		SINGLE	eligible	1
SRR10572658	PRJNA593052	CHOK1	PAIRED	eligible	1
SRR10572659	PRJNA593052	CHOK1	PAIRED	eligible	1
SRR10572661	PRJNA593052	CHOK1	PAIRED	eligible	1
SRR10572662	PRJNA593052	CHOK1	PAIRED	eligible	1
SRR10669489	PRJNA594947	CHO	SINGLE	eligible	1
SRR10995638	PRJNA604220		PAIRED	eligible	1
SRR10995644	PRJNA604220		PAIRED	eligible	1
SRR10995652	PRJNA604220		PAIRED	eligible	1
SRR10995654	PRJNA604220		PAIRED	eligible	1
SRR10995655	PRJNA604220		PAIRED	eligible	1
SRR10995656	PRJNA604220		PAIRED	eligible	1
SRR10995668	PRJNA604220		PAIRED	eligible	1
SRR10995681	PRJNA604220		PAIRED	eligible	1
SRR10995682	PRJNA604220		PAIRED	eligible	1
SRR10995686	PRJNA604220		PAIRED	eligible	1
SRR10995694	PRJNA604220		PAIRED	eligible	1
SRR10995696	PRJNA604220		PAIRED	eligible	1
SRR10995701	PRJNA604220		PAIRED	eligible	1
SRR22810191	PRJNA913861	stably expressing Cdh13	SINGLE	eligible	1
SRR23603787	PRJNA938154	Icosagen QMCF	PAIRED	eligible	1
SRR23603789	PRJNA938154	Icosagen QMCF	PAIRED	eligible	1
SRR23603793	PRJNA938154	Icosagen QMCF	PAIRED	eligible	1
SRR23603794	PRJNA938154	Icosagen QMCF	PAIRED	eligible	1
SRR23603796	PRJNA938154	Icosagen QMCF	PAIRED	eligible	1
SRR23603797	PRJNA938154	Icosagen QMCF	PAIRED	eligible	1
SRR23603799	PRJNA938154	Icosagen QMCF	PAIRED	eligible	1
SRR23603805	PRJNA938154	Icosagen QMCF	PAIRED	eligible	1
SRR23603809	PRJNA938154	Icosagen QMCF	PAIRED	eligible	1
SRR23603816	PRJNA938154	Icosagen QMCF	PAIRED	eligible	1
SRR23603817	PRJNA938154	Icosagen QMCF	PAIRED	eligible	1
SRR23603830	PRJNA938154	Icosagen QMCF	PAIRED	eligible	1
SRR23603837	PRJNA938154	Icosagen QMCF	PAIRED	eligible	1
SRR23603838	PRJNA938154	Icosagen QMCF	PAIRED	eligible	1
SRR23603844	PRJNA938154	Icosagen QMCF	PAIRED	eligible	1
SRR23603852	PRJNA938154	Icosagen QMCF	PAIRED	eligible	1
SRR23603856	PRJNA938154	Icosagen QMCF	PAIRED	eligible	1
SRR23603857	PRJNA938154	Icosagen QMCF	PAIRED	eligible	1
SRR23603871	PRJNA938154	Icosagen QMCF	PAIRED	eligible	1
SRR23603875	PRJNA938154	Icosagen QMCF	PAIRED	eligible	1
SRR23603879	PRJNA938154	Icosagen QMCF	PAIRED	eligible	1
SRR23603882	PRJNA938154	Icosagen QMCF	PAIRED	eligible	1
SRR23702455	PRJNA941080		PAIRED	eligible	1
SRR23702456	PRJNA941080		PAIRED	eligible	1
SRR28349048	PRJNA1088164		PAIRED	eligible	1
SRR28349051	PRJNA1088164		PAIRED	eligible	1
SRR2922603	PRJNA302601	CHO-K1	SINGLE	eligible	1
SRR29441697	PRJNA1123849	CHO-K1	PAIRED	eligible	1
SRR29441699	PRJNA1123849	CHO-K1	PAIRED	eligible	1
SRR29672928	PRJNA1130622	rCHO DP-12	PAIRED	eligible	1
SRR2968324	PRJNA304606		PAIRED	eligible	1
SRR3161758	PRJNA311594	CHO-S	PAIRED	eligible	1
SRR3161759	PRJNA311594	CHO-S	PAIRED	eligible	1
SRR3161763	PRJNA311594	CHO-S	PAIRED	eligible	1
SRR3161764	PRJNA311594	CHO-S	PAIRED	eligible	1
SRR3161767	PRJNA311594	CHO-S	PAIRED	eligible	1
SRR3161768	PRJNA311594	CHO-S	PAIRED	eligible	1
SRR3161769	PRJNA311594	CHO-S	PAIRED	eligible	1
SRR3161771	PRJNA311594	CHO-S	PAIRED	eligible	1
SRR3161774	PRJNA311594	CHO-S	PAIRED	eligible	1
SRR3161775	PRJNA311594	CHO-S	PAIRED	eligible	1
SRR3161776	PRJNA311594	CHO-S	PAIRED	eligible	1
SRR3161780	PRJNA311594	CHO-S	PAIRED	eligible	1
SRR3161781	PRJNA311594	CHO-S	PAIRED	eligible	1
SRR3284456	PRJNA316065		SINGLE	eligible	1
SRR10493846	PRJNA590485	3068	SINGLE	eligible	1
SRR10493849	PRJNA590485	3068	SINGLE	eligible	1
SRR10493851	PRJNA590485	3068	SINGLE	eligible	1
SRR10493856	PRJNA590485	3080	SINGLE	eligible	1
SRR10493864	PRJNA590485	3936	SINGLE	eligible	1
SRR10493865	PRJNA590485	3936	SINGLE	eligible	1
SRR10493873	PRJNA590485	4384	SINGLE	eligible	1
SRR10493874	PRJNA590485	4384	SINGLE	eligible	1
SRR10493877	PRJNA590485	4384	SINGLE	eligible	1
SRR33198152	PRJNA1252143	CHO-S	PAIRED	eligible	1
SRR33198163	PRJNA1252143	CHO-S	PAIRED	eligible	1
SRR33198165	PRJNA1252143	CHO-S	PAIRED	eligible	1
SRR35653650	PRJNA1335855		PAIRED	eligible	1
SRR35653653	PRJNA1335855		PAIRED	eligible	1
SRR38262920	PRJNA1282762		SINGLE	eligible	1
SRR38263132	PRJNA1282762		SINGLE	eligible	1
SRR39499719	PRJNA1489724	CHO DG44	PAIRED	eligible	1
SRR39503241	PRJNA1489724	CHO DG44	PAIRED	eligible	1
SRR39503242	PRJNA1489724	CHO DG44	PAIRED	eligible	1
SRR39561854	PRJNA1492564	CHO 4BGD/Dul#73	PAIRED	eligible	1
SRR39561860	PRJNA1492564	CHO 4BGD/Dul#73	PAIRED	eligible	1
SRR40310839	PRJNA1516528	EACC CHO K1	PAIRED	eligible	1
SRR4035677	PRJNA339147	CHO-K1	SINGLE	eligible	1
SRR4035682	PRJNA339147	CHO-K1	SINGLE	eligible	1
SRR5358889	PRJNA378939		PAIRED	eligible	1
SRR5812566	PRJNA393479		PAIRED	eligible	1
SRR5812568	PRJNA393479		PAIRED	eligible	1
SRR5812571	PRJNA393479		PAIRED	eligible	1
SRR5812579	PRJNA393479		PAIRED	eligible	1
SRR7770742	PRJNA488640		PAIRED	eligible	1
SRR7770747	PRJNA488640		PAIRED	eligible	1
SRR7779170	PRJNA489076		PAIRED	eligible	1
SRR7779175	PRJNA489076		PAIRED	eligible	1
SRR7779176	PRJNA489076		PAIRED	eligible	1
SRR7779180	PRJNA489076		PAIRED	eligible	1
SRR7779183	PRJNA489076		PAIRED	eligible	1
SRR7779195	PRJNA489076		PAIRED	eligible	1
SRR7779197	PRJNA489076		PAIRED	eligible	1
SRR7779203	PRJNA489076		PAIRED	eligible	1
SRR8165627	PRJNA504034		PAIRED	eligible	1
SRR8165629	PRJNA504034		PAIRED	eligible	1
SRR8165635	PRJNA504034		PAIRED	eligible	0
SRR8165636	PRJNA504034		PAIRED	eligible	1
SRR8165652	PRJNA504034		PAIRED	eligible	1
SRR8165654	PRJNA504034		PAIRED	eligible	0
SRR8165655	PRJNA504034		PAIRED	eligible	1
SRR8165656	PRJNA504034		PAIRED	eligible	1
SRR8165667	PRJNA504034		PAIRED	eligible	1
SRR8165670	PRJNA504034		PAIRED	eligible	1
SRR8165675	PRJNA504034		PAIRED	eligible	1
SRR9137505	PRJNA545135		PAIRED	eligible	1
SRR9137507	PRJNA545135		PAIRED	eligible	1
SRR9137509	PRJNA545135		PAIRED	eligible	1
SRR9151759	PRJNA545309	LR73	PAIRED	eligible	1
SRR9151763	PRJNA545309	LR73	PAIRED	eligible	1
SRR9620991	PRJNA551666	antibody-producing CHO DG44 cell line	SINGLE	eligible	1
SRR9620995	PRJNA551666	antibody-producing CHO DG44 cell line	SINGLE	eligible	1
SRR9620998	PRJNA551666	antibody-producing CHO DG44 cell line	SINGLE	eligible	1
SRR9620999	PRJNA551666	antibody-producing CHO DG44 cell line	SINGLE	eligible	1
SRR9621002	PRJNA551666	antibody-producing CHO DG44 cell line	SINGLE	eligible	1
SRR9621005	PRJNA551666	antibody-producing CHO DG44 cell line	SINGLE	eligible	1
SRR9621009	PRJNA551666	antibody-producing CHO DG44 cell line	SINGLE	eligible	1
SRR9621023	PRJNA551666	antibody-producing CHO DG44 cell line	SINGLE	eligible	1
SRR9621028	PRJNA551666	antibody-producing CHO DG44 cell line	SINGLE	eligible	1
SRR9621029	PRJNA551666	antibody-producing CHO DG44 cell line	SINGLE	eligible	1
SRR9621030	PRJNA551666	antibody-producing CHO DG44 cell line	SINGLE	eligible	1
SRR9621035	PRJNA551666	antibody-producing CHO DG44 cell line	SINGLE	eligible	1
SRR9621037	PRJNA551666	antibody-producing CHO DG44 cell line	SINGLE	eligible	1
SRR9621046	PRJNA551666	amplified progeny of cell line of antibody-producing CHO DG44	SINGLE	eligible	1
SRR9621051	PRJNA551666	amplified progeny of cell line of antibody-producing CHO DG44	SINGLE	eligible	1
SRR9621055	PRJNA551666	amplified progeny of cell line of antibody-producing CHO DG44	SINGLE	eligible	1
SRR9621057	PRJNA551666	amplified progeny of cell line of antibody-producing CHO DG44	SINGLE	eligible	1
SRR9621058	PRJNA551666	amplified progeny of cell line of antibody-producing CHO DG44	SINGLE	eligible	1
SRR9621060	PRJNA551666	amplified progeny of cell line of antibody-producing CHO DG44	SINGLE	eligible	1
SRR9621069	PRJNA551666	CHO-S cell line	SINGLE	eligible	1
SRR9621070	PRJNA551666	CHO-S cell line	SINGLE	eligible	1
SRR9621078	PRJNA551666	CHO-S cell line	SINGLE	eligible	1
SRR9621080	PRJNA551666	CHO-S cell line	SINGLE	eligible	1
SRR9621081	PRJNA551666	CHO-S cell line	SINGLE	eligible	1
SRR9621083	PRJNA551666	CHO-S cell line	SINGLE	eligible	1
SRR9621085	PRJNA551666	CHO-S cell line	SINGLE	eligible	1
SRR15559103	PRJNA742028	Flip-In CHO-K1	SINGLE	eligible	1
SRR15559107	PRJNA742028	Flip-In CHO-K1	SINGLE	eligible	1
SRR15559117	PRJNA742028	Flip-In CHO-K1	SINGLE	eligible	1
SRR15559119	PRJNA742028	Flip-In CHO-K1	SINGLE	eligible	1
SRR15559120	PRJNA742028	Flip-In CHO-K1	SINGLE	eligible	1
SRR33309097	PRJNA1254963	CHO-S	PAIRED	eligible	1
SRR33309098	PRJNA1254963	CHO-S	PAIRED	eligible	1
SRR33309104	PRJNA1254963	CHO-S	PAIRED	eligible	1
SRR33309105	PRJNA1254963	CHO-S	PAIRED	eligible	1
SRR33309106	PRJNA1254963	CHO-S	PAIRED	eligible	1
SRR33309112	PRJNA1254963	CHO-S	PAIRED	eligible	1
SRR33309117	PRJNA1254963	CHO-S	PAIRED	eligible	1
SRR33309119	PRJNA1254963	CHO-S	PAIRED	eligible	1
SRR33309120	PRJNA1254963	CHO-S	PAIRED	eligible	1
SRR33309122	PRJNA1254963	CHO-S	PAIRED	eligible	1
SRR33309125	PRJNA1254963	CHO-S	PAIRED	eligible	1
SRR33309127	PRJNA1254963	CHO-S	PAIRED	eligible	1
SRR5298325	PRJNA355213		SINGLE	eligible	1
SRR36663597	PRJNA1397464		PAIRED	eligible	1
SRR36663599	PRJNA1397464		PAIRED	eligible	1
