integration_matrix_column	source_matrix_column	run_accession
1	1	DRR091430
2	2	DRR091431
3	3	DRR091432
4	4	DRR091433
5	5	DRR091434
6	6	DRR091435
7	7	DRR091436
8	8	DRR091437
9	9	DRR091438
10	10	DRR091439
11	11	DRR091440
12	12	DRR093872
13	13	DRR093873
14	14	DRR093874
15	15	DRR093875
16	16	DRR096596
17	17	DRR096597
18	18	DRR096598
19	19	DRR096599
20	20	DRR096600
21	21	DRR096601
22	22	DRR096602
23	23	DRR096603
24	24	DRR099453
25	25	DRR099454
26	26	DRR099455
27	27	DRR099456
28	28	DRR099457
29	29	DRR099458
30	30	DRR099459
31	31	DRR099460
32	32	DRR099461
33	33	DRR099462
34	34	DRR099463
35	35	DRR099464
36	36	DRR099465
37	37	DRR099466
38	38	DRR099467
39	39	DRR099468
40	40	DRR099469
41	41	DRR099470
42	42	DRR099471
43	43	DRR099472
44	44	DRR099473
45	45	DRR099474
46	46	DRR099475
47	47	DRR099476
48	48	DRR099477
49	49	DRR099478
50	50	DRR099479
51	51	DRR099480
52	52	DRR099481
53	53	DRR099482
54	54	DRR099483
55	55	DRR099484
56	56	DRR099485
57	57	DRR099486
58	58	DRR099487
59	59	DRR099488
60	60	DRR099489
61	61	DRR099490
62	62	DRR099491
63	63	DRR099492
64	64	DRR099493
65	65	DRR099494
66	66	DRR099495
67	67	DRR099496
68	68	DRR099497
69	69	DRR099498
70	70	DRR099499
71	71	DRR099500
72	72	DRR164940
73	73	DRR164941
74	74	DRR164942
75	75	DRR164943
76	76	DRR164944
77	77	DRR164945
78	78	DRR164946
79	79	DRR164947
80	80	DRR164948
81	81	DRR164949
82	82	DRR164950
83	83	DRR164951
84	84	DRR169269
85	85	DRR169270
86	86	DRR169271
87	87	DRR169272
88	88	DRR169273
89	89	DRR169274
90	90	DRR169275
91	91	DRR169276
92	92	DRR169277
93	93	DRR169278
94	94	DRR169279
95	95	DRR169280
96	96	DRR169281
97	97	DRR169282
98	98	DRR169283
99	99	DRR169284
100	100	DRR169285
101	101	DRR169286
102	102	DRR169287
103	103	DRR169288
104	104	DRR169289
105	105	DRR169290
106	106	DRR169291
107	107	DRR169292
108	108	DRR169293
109	109	DRR169294
110	110	DRR169295
111	111	DRR169296
112	112	DRR169297
113	113	DRR169298
114	114	DRR169299
115	115	DRR169300
116	116	DRR169301
117	117	DRR169302
118	118	DRR169303
119	119	DRR524604
120	120	DRR524605
121	121	DRR524608
122	122	DRR524609
123	123	DRR524612
124	124	DRR524613
125	125	DRR524616
126	126	DRR524617
127	127	DRR524620
128	128	DRR524621
129	129	DRR524624
130	130	DRR524625
131	131	DRR524628
132	132	DRR524629
133	133	DRR706779
134	134	DRR706780
135	135	DRR706781
136	136	DRR706782
137	137	DRR706783
138	138	DRR706784
139	139	DRR706788
140	140	DRR706789
141	141	DRR706790
142	142	ERR10745711
143	143	ERR10745712
144	144	ERR10745713
145	145	ERR10745714
146	146	ERR10745715
147	147	ERR10745716
148	148	ERR10745717
149	149	ERR10745718
150	150	ERR10745719
151	151	ERR10745720
152	152	ERR10745721
153	153	ERR10745722
154	154	ERR10745723
155	155	ERR10745724
156	156	ERR10745725
157	157	ERR10745726
158	158	ERR10745727
159	159	ERR10745728
160	160	ERR10745729
161	161	ERR10745730
162	162	ERR10745731
163	163	ERR10745732
164	164	ERR10745733
165	165	ERR10745734
166	166	ERR10745735
167	167	ERR10745736
168	168	ERR10745737
169	169	ERR10745738
170	170	ERR10745739
171	171	ERR10745740
172	172	ERR10745741
173	173	ERR10745742
174	174	ERR10745743
175	175	ERR10745744
176	176	ERR10745745
177	177	ERR10745746
178	178	ERR10745747
179	179	ERR10745748
180	180	ERR10745749
181	181	ERR10745750
182	182	ERR10745751
183	183	ERR10745752
184	184	ERR10745753
185	185	ERR10745754
186	186	ERR10745755
187	187	ERR10745756
188	188	ERR10745757
189	189	ERR15000453
190	190	ERR15000454
191	191	ERR15000455
192	192	ERR15000456
193	193	ERR15000457
194	194	ERR15000458
195	195	ERR15000459
196	196	ERR15000460
197	197	ERR15000461
198	198	ERR15000462
199	199	ERR15000463
200	200	ERR15000464
201	201	ERR15000465
202	202	ERR15000466
203	203	ERR15000467
204	204	ERR15000468
205	205	ERR15000469
206	206	ERR15000470
207	207	ERR15000471
208	208	ERR15000472
209	209	ERR15000473
210	210	ERR15000474
211	211	ERR15000475
212	212	ERR15000476
213	213	ERR15000477
214	214	ERR15000478
215	215	ERR15000486
216	216	ERR15000497
217	217	ERR15000508
218	218	ERR15000519
219	219	ERR15000530
220	220	ERR15000540
221	221	ERR16729274
222	222	ERR16729275
223	223	ERR16729276
224	224	ERR16729277
225	225	ERR16729278
226	226	ERR16729279
227	227	ERR16729280
228	228	ERR16729281
229	229	ERR16729282
230	230	ERR16729283
231	231	ERR16729284
232	232	ERR16729285
233	233	ERR16729286
234	234	ERR16729287
235	235	ERR16729288
236	236	ERR16729289
237	237	ERR16729290
238	238	ERR16729291
239	239	ERR16729292
240	240	ERR16729293
241	241	ERR16729294
242	242	ERR16729295
243	243	ERR16729296
244	244	ERR16729297
245	245	ERR1983091
246	246	ERR1983092
247	247	ERR1983093
248	248	ERR1983094
249	249	ERR1983095
250	250	ERR1983096
251	251	ERR1983097
252	252	ERR2593198
253	253	ERR2593199
254	254	ERR2593200
255	255	ERR2593201
256	256	ERR2593202
257	257	ERR2593203
258	258	ERR2593204
259	259	ERR2593205
260	260	ERR2593206
261	261	ERR3001877
262	262	ERR3001878
263	263	ERR3001879
264	264	ERR3001880
265	265	ERR3001881
266	266	ERR3001882
267	267	ERR3001883
268	268	ERR3001884
269	269	ERR3001885
270	270	ERR3001886
271	271	ERR3001887
272	272	ERR3001888
273	273	ERR3001889
274	274	ERR3001890
275	275	ERR3001891
276	276	ERR3001892
277	277	ERR3001893
278	278	ERR3001894
279	279	ERR3374020
280	280	ERR3374021
281	281	ERR3374022
282	282	ERR3374023
283	283	ERR3374024
284	284	ERR3374025
285	285	ERR3374026
286	286	ERR3374027
287	287	ERR3374028
288	288	ERR3374029
289	289	ERR359637
290	290	ERR359638
291	291	ERR3668300
292	292	ERR3668301
293	293	ERR3668302
294	294	ERR3668303
295	295	ERR3668304
296	296	ERR3668305
297	297	ERR3668306
298	298	ERR3668307
299	299	ERR3668308
300	300	ERR3668309
301	301	ERR3668310
302	302	ERR3668311
303	303	ERR3668312
304	304	ERR3972086
305	305	ERR3972087
306	306	ERR3972088
307	307	ERR3972089
308	308	ERR3972090
309	309	ERR3972091
310	310	ERR3972092
311	311	ERR3972093
312	312	ERR3972094
313	313	ERR3972095
314	314	ERR3972096
315	315	ERR3972097
316	316	ERR4184070
317	317	ERR4184071
318	318	ERR4184072
319	319	ERR4184073
320	320	ERR4184074
321	321	ERR4184075
322	322	ERR4184076
323	323	ERR4184077
324	324	ERR4184078
325	325	ERR4184079
326	326	ERR4184080
327	327	ERR4184081
328	328	ERR4184082
329	329	ERR4184083
330	330	ERR4319912
331	331	ERR4319913
332	332	ERR4319914
333	333	ERR4319915
334	334	ERR4319916
335	335	ERR4319917
336	336	ERR4319918
337	337	ERR4319919
338	338	ERR4319920
339	339	ERR4319921
340	340	ERR4319922
341	341	ERR4319923
342	342	ERR4319924
343	343	ERR4319925
344	344	ERR4319926
345	345	ERR4319927
346	346	ERR4319928
347	347	ERR4319929
348	348	ERR4319930
349	349	ERR4319931
350	350	ERR4319932
351	351	ERR4319933
352	352	ERR4319934
353	353	ERR4319935
354	354	ERR4319936
355	355	ERR4319937
356	356	ERR4319938
357	357	ERR7417863
358	358	ERR7417864
359	359	ERR7417865
360	360	ERR7417866
361	361	ERR7417867
362	362	ERR7417868
363	363	ERR7417869
364	364	ERR7417870
365	365	ERR8006957
366	366	ERR8006958
367	378	SRR10493804
368	379	SRR10493805
369	380	SRR10493806
370	381	SRR10493807
371	382	SRR10493808
372	383	SRR10493809
373	384	SRR10493810
374	385	SRR10493811
375	386	SRR10493812
376	387	SRR10493813
377	388	SRR10493814
378	389	SRR10493816
379	390	SRR10493817
380	391	SRR10493818
381	392	SRR10493819
382	393	SRR10493846
383	394	SRR10493847
384	395	SRR10493848
385	396	SRR10493849
386	397	SRR10493850
387	398	SRR10493851
388	399	SRR10493852
389	400	SRR10493853
390	401	SRR10493854
391	402	SRR10493855
392	403	SRR10493856
393	404	SRR10493857
394	405	SRR10493858
395	406	SRR10493859
396	407	SRR10493860
397	408	SRR10493861
398	409	SRR10493862
399	410	SRR10493863
400	411	SRR10493864
401	412	SRR10493865
402	413	SRR10493866
403	414	SRR10493867
404	415	SRR10493868
405	416	SRR10493869
406	417	SRR10493870
407	418	SRR10493871
408	419	SRR10493872
409	420	SRR10493873
410	421	SRR10493874
411	422	SRR10493875
412	423	SRR10493876
413	424	SRR10493877
414	425	SRR10493878
415	426	SRR10493879
416	427	SRR10493880
417	428	SRR10493881
418	429	SRR10572657
419	430	SRR10572658
420	431	SRR10572659
421	432	SRR10572660
422	433	SRR10572661
423	434	SRR10572662
424	435	SRR10572663
425	436	SRR10572664
426	437	SRR10669486
427	438	SRR10669487
428	439	SRR10669488
429	440	SRR10669489
430	441	SRR10995631
431	442	SRR10995632
432	443	SRR10995633
433	444	SRR10995634
434	445	SRR10995635
435	446	SRR10995636
436	447	SRR10995637
437	448	SRR10995638
438	449	SRR10995639
439	450	SRR10995640
440	451	SRR10995641
441	452	SRR10995642
442	453	SRR10995643
443	454	SRR10995644
444	455	SRR10995645
445	456	SRR10995646
446	457	SRR10995647
447	458	SRR10995648
448	459	SRR10995649
449	460	SRR10995650
450	461	SRR10995651
451	462	SRR10995652
452	463	SRR10995653
453	464	SRR10995654
454	465	SRR10995655
455	466	SRR10995656
456	467	SRR10995657
457	468	SRR10995658
458	469	SRR10995659
459	470	SRR10995660
460	471	SRR10995661
461	472	SRR10995662
462	473	SRR10995663
463	474	SRR10995664
464	475	SRR10995665
465	476	SRR10995666
466	477	SRR10995667
467	478	SRR10995668
468	479	SRR10995669
469	480	SRR10995670
470	481	SRR10995671
471	482	SRR10995672
472	483	SRR10995673
473	484	SRR10995674
474	485	SRR10995675
475	486	SRR10995676
476	487	SRR10995677
477	488	SRR10995678
478	489	SRR10995679
479	490	SRR10995680
480	491	SRR10995681
481	492	SRR10995682
482	493	SRR10995683
483	494	SRR10995684
484	495	SRR10995685
485	496	SRR10995686
486	497	SRR10995687
487	498	SRR10995688
488	499	SRR10995689
489	500	SRR10995690
490	501	SRR10995691
491	502	SRR10995692
492	503	SRR10995693
493	504	SRR10995694
494	505	SRR10995695
495	506	SRR10995696
496	507	SRR10995697
497	508	SRR10995698
498	509	SRR10995699
499	510	SRR10995700
500	511	SRR10995701
501	512	SRR10995702
502	513	SRR11184908
503	514	SRR11184909
504	515	SRR11184910
505	516	SRR11184911
506	517	SRR11184912
507	518	SRR11184913
508	519	SRR11184914
509	520	SRR11184915
510	521	SRR11184916
511	522	SRR11184917
512	523	SRR11184918
513	524	SRR11184919
514	525	SRR11184920
515	526	SRR11184921
516	527	SRR11350303
517	528	SRR11350304
518	529	SRR11350305
519	530	SRR11350306
520	531	SRR11350307
521	532	SRR11350308
522	533	SRR11350309
523	534	SRR11350310
524	535	SRR11350311
525	536	SRR11350312
526	537	SRR11350313
527	538	SRR11350314
528	539	SRR11350315
529	540	SRR11350316
530	541	SRR11350317
531	542	SRR11350318
532	543	SRR11350319
533	544	SRR11721629
534	545	SRR11721630
535	546	SRR11721631
536	547	SRR11721632
537	548	SRR11721633
538	549	SRR11721634
539	550	SRR11721635
540	551	SRR11721636
541	552	SRR11721637
542	553	SRR11721638
543	554	SRR11721639
544	555	SRR11721640
545	556	SRR11721641
546	557	SRR11721642
547	558	SRR11721643
548	559	SRR11721644
549	560	SRR11721645
550	561	SRR11721646
551	562	SRR11721647
552	563	SRR11721648
553	564	SRR11721649
554	565	SRR11721650
555	566	SRR11721651
556	567	SRR11721652
557	568	SRR11721653
558	569	SRR11721654
559	570	SRR11721655
560	571	SRR11721656
561	572	SRR11721657
562	573	SRR11721658
563	574	SRR12194145
564	575	SRR12194146
565	576	SRR12194147
566	577	SRR12194150
567	578	SRR12194151
568	579	SRR12194152
569	580	SRR12587964
570	581	SRR12587965
571	582	SRR12587966
572	583	SRR12587967
573	584	SRR12618082
574	585	SRR12618083
575	586	SRR12618084
576	587	SRR12618085
577	588	SRR12618086
578	589	SRR12618087
579	590	SRR12618088
580	591	SRR12618089
581	592	SRR12618090
582	593	SRR12618091
583	594	SRR12618092
584	595	SRR12618093
585	596	SRR12618094
586	597	SRR12618095
587	598	SRR12618096
588	599	SRR12618097
589	600	SRR12618098
590	601	SRR12618099
591	602	SRR12618100
592	603	SRR12618101
593	604	SRR12618102
594	605	SRR12618103
595	606	SRR12618104
596	607	SRR12618105
597	608	SRR12618106
598	609	SRR12618107
599	610	SRR12618108
600	611	SRR12618109
601	612	SRR12618110
602	613	SRR12618111
603	614	SRR12618112
604	615	SRR12618113
605	616	SRR12618114
606	617	SRR12618115
607	618	SRR12618116
608	619	SRR12618117
609	620	SRR12618118
610	621	SRR12618119
611	622	SRR12618120
612	623	SRR12618121
613	624	SRR12618122
614	625	SRR12618123
615	626	SRR12618124
616	627	SRR12618125
617	628	SRR12618126
618	629	SRR12618127
619	630	SRR12618128
620	631	SRR12618129
621	632	SRR12618130
622	633	SRR12618131
623	634	SRR12618132
624	635	SRR12618133
625	636	SRR12618134
626	637	SRR12618135
627	638	SRR12618136
628	639	SRR12618137
629	640	SRR12618138
630	641	SRR12618139
631	642	SRR14860925
632	643	SRR14860926
633	644	SRR14860927
634	645	SRR14860928
635	646	SRR14860929
636	647	SRR14860930
637	648	SRR14860931
638	649	SRR14860932
639	650	SRR14860933
640	651	SRR14860934
641	652	SRR14860935
642	653	SRR14860936
643	654	SRR14860937
644	655	SRR14860938
645	656	SRR14860939
646	657	SRR14860940
647	658	SRR14860941
648	659	SRR14860942
649	660	SRR15111551
650	661	SRR15111552
651	662	SRR15111553
652	663	SRR15111554
653	664	SRR15111555
654	665	SRR15111556
655	666	SRR15111557
656	667	SRR15111558
657	668	SRR15111559
658	669	SRR15111560
659	670	SRR15111561
660	671	SRR15111562
661	672	SRR15111563
662	673	SRR15111564
663	674	SRR15111565
664	675	SRR15111566
665	676	SRR15111567
666	677	SRR15111568
667	678	SRR15111569
668	679	SRR15111570
669	680	SRR15111571
670	681	SRR15111572
671	682	SRR15111573
672	683	SRR15111574
673	684	SRR15111575
674	685	SRR15111576
675	686	SRR15111577
676	687	SRR15111578
677	688	SRR15111579
678	689	SRR15111580
679	690	SRR1516214
680	691	SRR1516215
681	692	SRR1516216
682	693	SRR1516217
683	694	SRR15221365
684	695	SRR15221366
685	696	SRR15221367
686	697	SRR15221368
687	698	SRR15221369
688	699	SRR15221370
689	700	SRR15221371
690	701	SRR15221372
691	702	SRR15221373
692	703	SRR15221374
693	704	SRR15221375
694	705	SRR15221376
695	706	SRR15221377
696	707	SRR15221378
697	708	SRR15221379
698	709	SRR15221380
699	710	SRR15221381
700	711	SRR15221382
701	712	SRR15221383
702	713	SRR15221384
703	714	SRR15221385
704	715	SRR15221386
705	716	SRR15221387
706	717	SRR15221388
707	718	SRR15221389
708	719	SRR15221390
709	720	SRR15221391
710	721	SRR15221392
711	722	SRR15221393
712	723	SRR15221394
713	724	SRR15221395
714	725	SRR15221396
715	726	SRR15221397
716	727	SRR15221398
717	728	SRR15221399
718	729	SRR15221400
719	730	SRR15559102
720	731	SRR15559103
721	732	SRR15559104
722	733	SRR15559105
723	734	SRR15559106
724	735	SRR15559107
725	736	SRR15559108
726	737	SRR15559109
727	738	SRR15559110
728	739	SRR15559111
729	740	SRR15559112
730	741	SRR15559113
731	742	SRR15559114
732	743	SRR15559115
733	744	SRR15559116
734	745	SRR15559117
735	746	SRR15559118
736	747	SRR15559119
737	748	SRR15559120
738	749	SRR15559121
739	750	SRR15923892
740	751	SRR15923900
741	752	SRR15923901
742	753	SRR16796943
743	754	SRR16796944
744	755	SRR16796945
745	756	SRR16796946
746	757	SRR16796949
747	758	SRR16796960
748	759	SRR16796971
749	760	SRR16796972
750	761	SRR16980320
751	762	SRR16980321
752	763	SRR16980322
753	764	SRR16980323
754	765	SRR16980324
755	766	SRR16980325
756	767	SRR16980326
757	768	SRR16980327
758	769	SRR16980328
759	770	SRR16980329
760	771	SRR16980330
761	772	SRR16980331
762	773	SRR16980332
763	774	SRR16980333
764	775	SRR16980334
765	776	SRR16980335
766	777	SRR16980336
767	778	SRR16980337
768	779	SRR16980338
769	780	SRR16980339
770	781	SRR16980340
771	782	SRR16980341
772	783	SRR16980342
773	784	SRR16980343
774	785	SRR16980344
775	786	SRR16980345
776	787	SRR16980346
777	788	SRR16980347
778	789	SRR16980348
779	790	SRR16980349
780	791	SRR16980350
781	792	SRR16980351
782	793	SRR16980352
783	794	SRR16980353
784	795	SRR16980354
785	796	SRR16980355
786	797	SRR16980356
787	798	SRR16980357
788	799	SRR16980358
789	800	SRR16980359
790	801	SRR16980360
791	802	SRR16980361
792	803	SRR16980362
793	804	SRR16980363
794	805	SRR16980364
795	806	SRR16980365
796	807	SRR16980366
797	808	SRR16980367
798	809	SRR16980368
799	810	SRR16980369
800	811	SRR16980370
801	812	SRR16980371
802	813	SRR16980372
803	814	SRR16980373
804	815	SRR16980374
805	816	SRR16980375
806	817	SRR16980376
807	818	SRR17085234
808	819	SRR17085235
809	820	SRR17085236
810	821	SRR17085237
811	822	SRR17085238
812	823	SRR17085239
813	824	SRR17085240
814	825	SRR17085241
815	826	SRR17085242
816	827	SRR17085243
817	828	SRR17085244
818	829	SRR17085245
819	830	SRR17085246
820	831	SRR17085247
821	832	SRR17085248
822	833	SRR17085249
823	834	SRR17085250
824	835	SRR17085251
825	836	SRR17085252
826	837	SRR17085253
827	838	SRR17085254
828	839	SRR17085255
829	840	SRR17085256
830	841	SRR17085257
831	842	SRR17085258
832	843	SRR17085259
833	844	SRR17085260
834	845	SRR17085261
835	846	SRR17085262
836	847	SRR17085263
837	848	SRR17085264
838	849	SRR17085265
839	850	SRR17085266
840	851	SRR17085267
841	852	SRR17085268
842	853	SRR17085269
843	854	SRR17085270
844	855	SRR17085271
845	856	SRR17085272
846	857	SRR17085273
847	858	SRR17085274
848	859	SRR17085275
849	860	SRR17085276
850	861	SRR17085277
851	862	SRR17085278
852	863	SRR17085279
853	864	SRR17085280
854	865	SRR17085281
855	866	SRR17085282
856	867	SRR17085283
857	868	SRR17085284
858	869	SRR17085285
859	870	SRR17085286
860	871	SRR17085287
861	872	SRR17085288
862	873	SRR17085289
863	874	SRR17085290
864	875	SRR17085291
865	876	SRR17085292
866	877	SRR17085293
867	878	SRR17085294
868	879	SRR17085295
869	880	SRR17085296
870	881	SRR17085297
871	882	SRR17085298
872	883	SRR17085299
873	884	SRR17085300
874	885	SRR17085301
875	886	SRR17085302
876	887	SRR17085303
877	888	SRR17085304
878	889	SRR17085305
879	890	SRR17085306
880	891	SRR17085307
881	892	SRR17085308
882	893	SRR17085309
883	894	SRR17085310
884	895	SRR17085311
885	896	SRR17085312
886	897	SRR17085313
887	898	SRR17085314
888	899	SRR17085315
889	900	SRR17085316
890	901	SRR17085317
891	902	SRR17085318
892	903	SRR17085319
893	904	SRR17085320
894	905	SRR17085321
895	906	SRR17085322
896	907	SRR17085323
897	908	SRR17085324
898	909	SRR17085325
899	910	SRR17085326
900	911	SRR17085327
901	912	SRR17085328
902	913	SRR17085329
903	914	SRR17085330
904	915	SRR17085331
905	916	SRR17085332
906	917	SRR17085333
907	918	SRR17085334
908	919	SRR17085335
909	920	SRR17085336
910	921	SRR17085337
911	922	SRR17085338
912	923	SRR17085339
913	924	SRR17085340
914	925	SRR17085341
915	926	SRR17085342
916	927	SRR17085343
917	928	SRR18163655
918	929	SRR18163656
919	930	SRR18163657
920	931	SRR18163658
921	932	SRR18163659
922	933	SRR18163660
923	934	SRR18163661
924	935	SRR18163662
925	936	SRR18163663
926	937	SRR18163664
927	938	SRR18163665
928	939	SRR18163666
929	940	SRR18163667
930	941	SRR18163668
931	942	SRR18163669
932	943	SRR18356112
933	944	SRR18356113
934	945	SRR18502223
935	946	SRR18502224
936	947	SRR18502225
937	948	SRR18502226
938	949	SRR18502227
939	950	SRR18502228
940	951	SRR18502229
941	952	SRR18502230
942	953	SRR18502231
943	954	SRR18502232
944	955	SRR18502233
945	956	SRR18502234
946	957	SRR18502235
947	958	SRR18502236
948	959	SRR18502237
949	960	SRR18502238
950	961	SRR19256295
951	962	SRR19256296
952	963	SRR19256297
953	964	SRR19256298
954	965	SRR19256299
955	966	SRR19256300
956	967	SRR19256301
957	968	SRR19256302
958	969	SRR19256303
959	970	SRR19256304
960	971	SRR19256305
961	972	SRR19256306
962	973	SRR22143436
963	974	SRR22143437
964	975	SRR22143444
965	976	SRR22143445
966	977	SRR22143446
967	978	SRR22143447
968	979	SRR22143448
969	980	SRR22143449
970	981	SRR22246869
971	982	SRR22246870
972	983	SRR22246871
973	984	SRR22246872
974	985	SRR22246873
975	986	SRR22246874
976	987	SRR22246875
977	988	SRR22246876
978	989	SRR22246877
979	990	SRR22246878
980	991	SRR22246879
981	992	SRR22246880
982	993	SRR22246881
983	994	SRR22246882
984	995	SRR22246883
985	996	SRR22246884
986	997	SRR22246885
987	998	SRR22246886
988	999	SRR22246887
989	1000	SRR22246888
990	1001	SRR22246889
991	1002	SRR22246890
992	1003	SRR22246891
993	1004	SRR22246892
994	1005	SRR22246893
995	1006	SRR22246894
996	1007	SRR22246895
997	1008	SRR22246896
998	1009	SRR22246897
999	1010	SRR22246898
1000	1011	SRR22246899
1001	1012	SRR22246900
1002	1013	SRR22246901
1003	1014	SRR22246902
1004	1015	SRR22246903
1005	1016	SRR22246904
1006	1017	SRR22810189
1007	1018	SRR22810190
1008	1019	SRR22810191
1009	1020	SRR22810192
1010	1021	SRR22810193
1011	1022	SRR22810194
1012	1023	SRR23603787
1013	1024	SRR23603788
1014	1025	SRR23603789
1015	1026	SRR23603790
1016	1027	SRR23603791
1017	1028	SRR23603792
1018	1029	SRR23603793
1019	1030	SRR23603794
1020	1031	SRR23603795
1021	1032	SRR23603796
1022	1033	SRR23603797
1023	1034	SRR23603798
1024	1035	SRR23603799
1025	1036	SRR23603800
1026	1037	SRR23603801
1027	1038	SRR23603802
1028	1039	SRR23603803
1029	1040	SRR23603804
1030	1041	SRR23603805
1031	1042	SRR23603806
1032	1043	SRR23603807
1033	1044	SRR23603808
1034	1045	SRR23603809
1035	1046	SRR23603810
1036	1047	SRR23603811
1037	1048	SRR23603812
1038	1049	SRR23603813
1039	1050	SRR23603814
1040	1051	SRR23603815
1041	1052	SRR23603816
1042	1053	SRR23603817
1043	1054	SRR23603818
1044	1055	SRR23603819
1045	1056	SRR23603820
1046	1057	SRR23603821
1047	1058	SRR23603822
1048	1059	SRR23603823
1049	1060	SRR23603824
1050	1061	SRR23603825
1051	1062	SRR23603826
1052	1063	SRR23603827
1053	1064	SRR23603828
1054	1065	SRR23603829
1055	1066	SRR23603830
1056	1067	SRR23603831
1057	1068	SRR23603832
1058	1069	SRR23603833
1059	1070	SRR23603834
1060	1071	SRR23603835
1061	1072	SRR23603836
1062	1073	SRR23603837
1063	1074	SRR23603838
1064	1075	SRR23603839
1065	1076	SRR23603840
1066	1077	SRR23603841
1067	1078	SRR23603842
1068	1079	SRR23603843
1069	1080	SRR23603844
1070	1081	SRR23603845
1071	1082	SRR23603846
1072	1083	SRR23603847
1073	1084	SRR23603848
1074	1085	SRR23603849
1075	1086	SRR23603850
1076	1087	SRR23603851
1077	1088	SRR23603852
1078	1089	SRR23603853
1079	1090	SRR23603854
1080	1091	SRR23603855
1081	1092	SRR23603856
1082	1093	SRR23603857
1083	1094	SRR23603858
1084	1095	SRR23603859
1085	1096	SRR23603860
1086	1097	SRR23603861
1087	1098	SRR23603862
1088	1099	SRR23603863
1089	1100	SRR23603864
1090	1101	SRR23603865
1091	1102	SRR23603866
1092	1103	SRR23603867
1093	1104	SRR23603868
1094	1105	SRR23603869
1095	1106	SRR23603870
1096	1107	SRR23603871
1097	1108	SRR23603872
1098	1109	SRR23603873
1099	1110	SRR23603874
1100	1111	SRR23603875
1101	1112	SRR23603876
1102	1113	SRR23603877
1103	1114	SRR23603878
1104	1115	SRR23603879
1105	1116	SRR23603880
1106	1117	SRR23603881
1107	1118	SRR23603882
1108	1119	SRR23702453
1109	1120	SRR23702454
1110	1121	SRR23702455
1111	1122	SRR23702456
1112	1123	SRR23702457
1113	1124	SRR24099901
1114	1125	SRR24099902
1115	1126	SRR24099903
1116	1127	SRR24099904
1117	1128	SRR24099905
1118	1129	SRR24099906
1119	1130	SRR24099907
1120	1131	SRR24099908
1121	1132	SRR24099909
1122	1133	SRR24650910
1123	1134	SRR24650911
1124	1135	SRR24650912
1125	1136	SRR24650913
1126	1137	SRR24650914
1127	1138	SRR24650915
1128	1139	SRR24650916
1129	1140	SRR24650917
1130	1141	SRR24650918
1131	1142	SRR24650919
1132	1143	SRR24650920
1133	1144	SRR24650921
1134	1145	SRR24650922
1135	1146	SRR24650923
1136	1147	SRR24650924
1137	1148	SRR24650925
1138	1149	SRR24650926
1139	1150	SRR24650927
1140	1151	SRR24650928
1141	1152	SRR24650929
1142	1153	SRR24650930
1143	1154	SRR24650931
1144	1155	SRR24650932
1145	1156	SRR24650933
1146	1157	SRR24650934
1147	1158	SRR24650935
1148	1159	SRR24650936
1149	1160	SRR24650937
1150	1161	SRR24650938
1151	1162	SRR24650939
1152	1163	SRR24650940
1153	1164	SRR24650941
1154	1165	SRR24650942
1155	1166	SRR24650943
1156	1167	SRR24650944
1157	1168	SRR24650945
1158	1169	SRR24650946
1159	1170	SRR24650947
1160	1171	SRR24650948
1161	1172	SRR24650949
1162	1173	SRR24650950
1163	1174	SRR24650951
1164	1175	SRR24650952
1165	1176	SRR24650953
1166	1177	SRR24650954
1167	1178	SRR24650955
1168	1179	SRR24650956
1169	1180	SRR24650957
1170	1181	SRR24650958
1171	1182	SRR24650959
1172	1183	SRR24650960
1173	1184	SRR24650961
1174	1185	SRR24650962
1175	1186	SRR24650963
1176	1187	SRR24650964
1177	1188	SRR24650965
1178	1189	SRR24650966
1179	1190	SRR24650967
1180	1191	SRR24650968
1181	1192	SRR24650969
1182	1193	SRR24650970
1183	1194	SRR24650971
1184	1195	SRR24650972
1185	1196	SRR24650973
1186	1197	SRR24650974
1187	1198	SRR24650975
1188	1199	SRR24650976
1189	1200	SRR24650977
1190	1201	SRR24650978
1191	1202	SRR24650979
1192	1203	SRR24650980
1193	1204	SRR24650981
1194	1205	SRR24650982
1195	1206	SRR24650983
1196	1207	SRR24650984
1197	1208	SRR24650985
1198	1209	SRR24650986
1199	1210	SRR24650987
1200	1211	SRR24650988
1201	1212	SRR24650989
1202	1213	SRR24650990
1203	1214	SRR24650991
1204	1215	SRR24650992
1205	1216	SRR24650993
1206	1217	SRR24650994
1207	1218	SRR24650995
1208	1219	SRR24650996
1209	1220	SRR24650997
1210	1221	SRR24650998
1211	1222	SRR24650999
1212	1223	SRR24651000
1213	1224	SRR24651001
1214	1225	SRR24651002
1215	1226	SRR24651003
1216	1227	SRR24651004
1217	1228	SRR25184716
1218	1229	SRR25184717
1219	1230	SRR25184718
1220	1231	SRR25184719
1221	1232	SRR25184720
1222	1233	SRR25184721
1223	1234	SRR28349048
1224	1235	SRR28349049
1225	1236	SRR28349050
1226	1237	SRR28349051
1227	1238	SRR28349052
1228	1239	SRR28349053
1229	1240	SRR28349054
1230	1241	SRR28349055
1231	1242	SRR28349056
1232	1243	SRR28349057
1233	1244	SRR28349058
1234	1245	SRR28349059
1235	1246	SRR28349060
1236	1247	SRR28349061
1237	1248	SRR28349062
1238	1249	SRR28349063
1239	1250	SRR28413170
1240	1251	SRR28413171
1241	1252	SRR2922597
1242	1253	SRR2922598
1243	1254	SRR2922599
1244	1255	SRR2922600
1245	1256	SRR2922601
1246	1257	SRR2922602
1247	1258	SRR2922603
1248	1259	SRR2922604
1249	1260	SRR2922605
1250	1261	SRR2922606
1251	1262	SRR29441690
1252	1263	SRR29441691
1253	1264	SRR29441692
1254	1265	SRR29441693
1255	1266	SRR29441694
1256	1267	SRR29441695
1257	1268	SRR29441696
1258	1269	SRR29441697
1259	1270	SRR29441698
1260	1271	SRR29441699
1261	1272	SRR29441700
1262	1273	SRR29441701
1263	1274	SRR29672912
1264	1275	SRR29672913
1265	1276	SRR29672921
1266	1277	SRR29672924
1267	1278	SRR29672926
1268	1279	SRR29672927
1269	1280	SRR29672928
1270	1281	SRR29672929
1271	1282	SRR29672930
1272	1283	SRR29672931
1273	1284	SRR29672932
1274	1285	SRR29672934
1275	1286	SRR29672936
1276	1287	SRR29672939
1277	1288	SRR2968323
1278	1289	SRR2968324
1279	1290	SRR2968325
1280	1291	SRR2968326
1281	1292	SRR2968327
1282	1293	SRR2968328
1283	1294	SRR3161757
1284	1295	SRR3161758
1285	1296	SRR3161759
1286	1297	SRR3161760
1287	1298	SRR3161761
1288	1299	SRR3161762
1289	1300	SRR3161763
1290	1301	SRR3161764
1291	1302	SRR3161765
1292	1303	SRR3161766
1293	1304	SRR3161767
1294	1305	SRR3161768
1295	1306	SRR3161769
1296	1307	SRR3161770
1297	1308	SRR3161771
1298	1309	SRR3161772
1299	1310	SRR3161773
1300	1311	SRR3161774
1301	1312	SRR3161775
1302	1313	SRR3161776
1303	1314	SRR3161777
1304	1315	SRR3161778
1305	1316	SRR3161779
1306	1317	SRR3161780
1307	1318	SRR3161781
1308	1319	SRR3161782
1309	1320	SRR3161783
1310	1321	SRR3161784
1311	1322	SRR3161785
1312	1323	SRR3161786
1313	1324	SRR3161787
1314	1325	SRR3161788
1315	1326	SRR3161789
1316	1327	SRR3161790
1317	1328	SRR3161791
1318	1329	SRR3161792
1319	1330	SRR3161793
1320	1331	SRR3161794
1321	1332	SRR3161795
1322	1333	SRR3161796
1323	1334	SRR3284443
1324	1335	SRR3284444
1325	1336	SRR3284445
1326	1337	SRR3284446
1327	1338	SRR3284447
1328	1339	SRR3284448
1329	1340	SRR3284455
1330	1341	SRR3284456
1331	1342	SRR3284457
1332	1343	SRR3284458
1333	1344	SRR3284459
1334	1345	SRR3284460
1335	1346	SRR33198151
1336	1347	SRR33198152
1337	1348	SRR33198153
1338	1349	SRR33198154
1339	1350	SRR33198155
1340	1351	SRR33198156
1341	1352	SRR33198157
1342	1353	SRR33198158
1343	1354	SRR33198159
1344	1355	SRR33198160
1345	1356	SRR33198161
1346	1357	SRR33198162
1347	1358	SRR33198163
1348	1359	SRR33198164
1349	1360	SRR33198165
1350	1361	SRR33198166
1351	1362	SRR33198167
1352	1363	SRR33198168
1353	1364	SRR33309095
1354	1365	SRR33309096
1355	1366	SRR33309097
1356	1367	SRR33309098
1357	1368	SRR33309099
1358	1369	SRR33309100
1359	1370	SRR33309101
1360	1371	SRR33309102
1361	1372	SRR33309103
1362	1373	SRR33309104
1363	1374	SRR33309105
1364	1375	SRR33309106
1365	1376	SRR33309107
1366	1377	SRR33309108
1367	1378	SRR33309109
1368	1379	SRR33309110
1369	1380	SRR33309111
1370	1381	SRR33309112
1371	1382	SRR33309113
1372	1383	SRR33309114
1373	1384	SRR33309115
1374	1385	SRR33309116
1375	1386	SRR33309117
1376	1387	SRR33309118
1377	1388	SRR33309119
1378	1389	SRR33309120
1379	1390	SRR33309121
1380	1391	SRR33309122
1381	1392	SRR33309123
1382	1393	SRR33309124
1383	1394	SRR33309125
1384	1395	SRR33309126
1385	1396	SRR33309127
1386	1397	SRR3401399
1387	1398	SRR3401401
1388	1399	SRR3401745
1389	1400	SRR3401746
1390	1401	SRR3401747
1391	1402	SRR3401748
1392	1403	SRR3401749
1393	1404	SRR3401750
1394	1405	SRR3401751
1395	1406	SRR3401752
1396	1407	SRR35653646
1397	1408	SRR35653647
1398	1409	SRR35653648
1399	1410	SRR35653649
1400	1411	SRR35653650
1401	1412	SRR35653651
1402	1413	SRR35653652
1403	1414	SRR35653653
1404	1415	SRR35653654
1405	1416	SRR36222935
1406	1417	SRR36222936
1407	1418	SRR36222937
1408	1419	SRR36222938
1409	1420	SRR36222939
1410	1421	SRR36222940
1411	1422	SRR36222941
1412	1423	SRR36222942
1413	1424	SRR36663596
1414	1425	SRR36663597
1415	1426	SRR36663598
1416	1427	SRR36663599
1417	1428	SRR36663600
1418	1429	SRR36663601
1419	1430	SRR36699389
1420	1431	SRR36699390
1421	1432	SRR36699391
1422	1433	SRR36699392
1423	1434	SRR36699393
1424	1435	SRR36699394
1425	1436	SRR38262918
1426	1437	SRR38262919
1427	1438	SRR38262920
1428	1439	SRR38262921
1429	1440	SRR38263132
1430	1441	SRR3946101
1431	1442	SRR3946102
1432	1443	SRR3946103
1433	1444	SRR3946104
1434	1445	SRR3946105
1435	1446	SRR3946106
1436	1447	SRR3946107
1437	1448	SRR3946108
1438	1449	SRR3946109
1439	1450	SRR3946110
1440	1451	SRR3946111
1441	1452	SRR3946112
1442	1453	SRR39497722
1443	1454	SRR39497723
1444	1455	SRR39497724
1445	1456	SRR39499716
1446	1457	SRR39499717
1447	1458	SRR39499718
1448	1459	SRR39499719
1449	1460	SRR39503241
1450	1461	SRR39503242
1451	1462	SRR39503243
1452	1463	SRR39503244
1453	1464	SRR39505007
1454	1465	SRR39505008
1455	1466	SRR39505009
1456	1467	SRR39505010
1457	1468	SRR39506912
1458	1469	SRR39506913
1459	1470	SRR39506914
1460	1471	SRR39506915
1461	1472	SRR39511190
1462	1473	SRR39511191
1463	1474	SRR39511192
1464	1475	SRR39511193
1465	1476	SRR39561849
1466	1477	SRR39561850
1467	1478	SRR39561851
1468	1479	SRR39561852
1469	1480	SRR39561853
1470	1481	SRR39561854
1471	1482	SRR39561855
1472	1483	SRR39561856
1473	1484	SRR39561857
1474	1485	SRR39561858
1475	1486	SRR39561859
1476	1487	SRR39561860
1477	1488	SRR40188909
1478	1489	SRR40188910
1479	1490	SRR40188912
1480	1491	SRR40188913
1481	1492	SRR40310829
1482	1493	SRR40310830
1483	1494	SRR40310831
1484	1495	SRR40310832
1485	1496	SRR40310833
1486	1497	SRR40310834
1487	1498	SRR40310835
1488	1499	SRR40310836
1489	1500	SRR40310838
1490	1501	SRR40310839
1491	1502	SRR40310840
1492	1503	SRR4035674
1493	1504	SRR4035675
1494	1505	SRR4035676
1495	1506	SRR4035677
1496	1507	SRR4035678
1497	1508	SRR4035679
1498	1509	SRR4035680
1499	1510	SRR4035681
1500	1511	SRR4035682
1501	1512	SRR5298325
1502	1514	SRR5358888
1503	1516	SRR5358890
1504	1517	SRR5409489
1505	1518	SRR5409490
1506	1519	SRR5409491
1507	1520	SRR5409492
1508	1521	SRR5812564
1509	1522	SRR5812565
1510	1523	SRR5812566
1511	1524	SRR5812567
1512	1525	SRR5812568
1513	1526	SRR5812569
1514	1527	SRR5812570
1515	1528	SRR5812571
1516	1529	SRR5812572
1517	1530	SRR5812573
1518	1531	SRR5812574
1519	1532	SRR5812575
1520	1533	SRR5812576
1521	1534	SRR5812577
1522	1535	SRR5812578
1523	1536	SRR5812579
1524	1537	SRR5812580
1525	1538	SRR5812581
1526	1539	SRR6232157
1527	1540	SRR6232300
1528	1541	SRR7421882
1529	1542	SRR7770742
1530	1543	SRR7770743
1531	1544	SRR7770744
1532	1545	SRR7770745
1533	1546	SRR7770746
1534	1547	SRR7770747
1535	1548	SRR7770748
1536	1549	SRR7770749
1537	1550	SRR7779168
1538	1551	SRR7779169
1539	1552	SRR7779170
1540	1553	SRR7779171
1541	1554	SRR7779172
1542	1555	SRR7779173
1543	1556	SRR7779174
1544	1557	SRR7779175
1545	1558	SRR7779176
1546	1559	SRR7779177
1547	1560	SRR7779178
1548	1561	SRR7779179
1549	1562	SRR7779180
1550	1563	SRR7779181
1551	1564	SRR7779182
1552	1565	SRR7779183
1553	1566	SRR7779184
1554	1567	SRR7779185
1555	1568	SRR7779186
1556	1569	SRR7779187
1557	1570	SRR7779188
1558	1571	SRR7779189
1559	1572	SRR7779190
1560	1573	SRR7779191
1561	1574	SRR7779192
1562	1575	SRR7779193
1563	1576	SRR7779194
1564	1577	SRR7779195
1565	1578	SRR7779196
1566	1579	SRR7779197
1567	1580	SRR7779198
1568	1581	SRR7779199
1569	1582	SRR7779200
1570	1583	SRR7779201
1571	1584	SRR7779202
1572	1585	SRR7779203
1573	1586	SRR8165621
1574	1587	SRR8165622
1575	1588	SRR8165623
1576	1589	SRR8165624
1577	1590	SRR8165625
1578	1591	SRR8165626
1579	1592	SRR8165627
1580	1593	SRR8165628
1581	1594	SRR8165629
1582	1595	SRR8165630
1583	1596	SRR8165633
1584	1597	SRR8165635
1585	1598	SRR8165636
1586	1599	SRR8165637
1587	1600	SRR8165638
1588	1601	SRR8165651
1589	1602	SRR8165652
1590	1603	SRR8165653
1591	1604	SRR8165654
1592	1605	SRR8165655
1593	1606	SRR8165656
1594	1607	SRR8165657
1595	1608	SRR8165658
1596	1609	SRR8165659
1597	1610	SRR8165660
1598	1611	SRR8165661
1599	1612	SRR8165662
1600	1613	SRR8165663
1601	1614	SRR8165664
1602	1615	SRR8165665
1603	1616	SRR8165666
1604	1617	SRR8165667
1605	1618	SRR8165668
1606	1619	SRR8165670
1607	1620	SRR8165671
1608	1621	SRR8165674
1609	1622	SRR8165675
1610	1623	SRR8165677
1611	1624	SRR8165678
1612	1625	SRR8165679
1613	1626	SRR8165680
1614	1627	SRR8165681
1615	1628	SRR8165682
1616	1629	SRR8165683
1617	1630	SRR8165684
1618	1631	SRR9137503
1619	1632	SRR9137504
1620	1633	SRR9137505
1621	1634	SRR9137506
1622	1635	SRR9137507
1623	1636	SRR9137508
1624	1637	SRR9137509
1625	1638	SRR9137510
1626	1639	SRR9151757
1627	1640	SRR9151758
1628	1641	SRR9151759
1629	1642	SRR9151760
1630	1643	SRR9151761
1631	1644	SRR9151762
1632	1645	SRR9151763
1633	1646	SRR9151764
1634	1647	SRR9151765
1635	1648	SRR9151766
1636	1649	SRR9151767
1637	1650	SRR9151768
1638	1651	SRR9620991
1639	1652	SRR9620992
1640	1653	SRR9620993
1641	1654	SRR9620994
1642	1655	SRR9620995
1643	1656	SRR9620996
1644	1657	SRR9620997
1645	1658	SRR9620998
1646	1659	SRR9620999
1647	1660	SRR9621000
1648	1661	SRR9621001
1649	1662	SRR9621002
1650	1663	SRR9621003
1651	1664	SRR9621004
1652	1665	SRR9621005
1653	1666	SRR9621006
1654	1667	SRR9621007
1655	1668	SRR9621008
1656	1669	SRR9621009
1657	1670	SRR9621010
1658	1671	SRR9621011
1659	1672	SRR9621012
1660	1673	SRR9621013
1661	1674	SRR9621014
1662	1675	SRR9621015
1663	1676	SRR9621016
1664	1677	SRR9621017
1665	1678	SRR9621018
1666	1679	SRR9621019
1667	1680	SRR9621020
1668	1681	SRR9621021
1669	1682	SRR9621022
1670	1683	SRR9621023
1671	1684	SRR9621024
1672	1685	SRR9621025
1673	1686	SRR9621026
1674	1687	SRR9621027
1675	1688	SRR9621028
1676	1689	SRR9621029
1677	1690	SRR9621030
1678	1691	SRR9621031
1679	1692	SRR9621032
1680	1693	SRR9621033
1681	1694	SRR9621034
1682	1695	SRR9621035
1683	1696	SRR9621036
1684	1697	SRR9621037
1685	1698	SRR9621038
1686	1699	SRR9621039
1687	1700	SRR9621040
1688	1701	SRR9621041
1689	1702	SRR9621042
1690	1703	SRR9621043
1691	1704	SRR9621044
1692	1705	SRR9621045
1693	1706	SRR9621046
1694	1707	SRR9621047
1695	1708	SRR9621048
1696	1709	SRR9621049
1697	1710	SRR9621050
1698	1711	SRR9621051
1699	1712	SRR9621052
1700	1713	SRR9621053
1701	1714	SRR9621054
1702	1715	SRR9621055
1703	1716	SRR9621056
1704	1717	SRR9621057
1705	1718	SRR9621058
1706	1719	SRR9621059
1707	1720	SRR9621060
1708	1721	SRR9621061
1709	1722	SRR9621062
1710	1723	SRR9621063
1711	1724	SRR9621064
1712	1725	SRR9621065
1713	1726	SRR9621066
1714	1727	SRR9621067
1715	1728	SRR9621068
1716	1729	SRR9621069
1717	1730	SRR9621070
1718	1731	SRR9621071
1719	1732	SRR9621072
1720	1733	SRR9621073
1721	1734	SRR9621074
1722	1735	SRR9621075
1723	1736	SRR9621076
1724	1737	SRR9621077
1725	1738	SRR9621078
1726	1739	SRR9621079
1727	1740	SRR9621080
1728	1741	SRR9621081
1729	1742	SRR9621082
1730	1743	SRR9621083
1731	1744	SRR9621084
1732	1745	SRR9621085
1733	1746	SRR9621086
1734	1747	SRR9703434
1735	1748	SRR9703435
1736	1749	SRR9703436
1737	1750	SRR9846909
1738	1751	SRR9846910
1739	1752	SRR9846911
1740	1753	SRR9846912
