experiment_matrix_column	experiment_accession	n_runs	run_accessions
1	DRX085006	3	DRR091430;DRR091431;DRR091432
2	DRX085007	3	DRR091433;DRR091434;DRR091435
3	DRX085008	3	DRR091436;DRR091437;DRR091438
4	DRX085009	1	DRR091439
5	DRX085010	1	DRR091440
6	DRX087368	1	DRR093872
7	DRX087369	1	DRR093873
8	DRX087370	1	DRR093874
9	DRX087371	1	DRR093875
10	DRX090092	1	DRR096596
11	DRX090093	1	DRR096597
12	DRX090094	1	DRR096598
13	DRX090095	1	DRR096599
14	DRX090096	1	DRR096600
15	DRX090097	1	DRR096601
16	DRX090098	1	DRR096602
17	DRX090099	1	DRR096603
18	DRX092931	1	DRR099453
19	DRX092932	1	DRR099454
20	DRX092933	1	DRR099455
21	DRX092934	1	DRR099456
22	DRX092935	1	DRR099457
23	DRX092936	1	DRR099458
24	DRX092937	1	DRR099459
25	DRX092938	1	DRR099460
26	DRX092939	1	DRR099461
27	DRX092940	1	DRR099462
28	DRX092941	1	DRR099463
29	DRX092942	1	DRR099464
30	DRX092943	1	DRR099465
31	DRX092944	1	DRR099466
32	DRX092945	1	DRR099467
33	DRX092946	1	DRR099468
34	DRX092947	1	DRR099469
35	DRX092948	1	DRR099470
36	DRX092949	1	DRR099471
37	DRX092950	1	DRR099472
38	DRX092951	1	DRR099473
39	DRX092952	1	DRR099474
40	DRX092953	1	DRR099475
41	DRX092954	1	DRR099476
42	DRX092955	1	DRR099477
43	DRX092956	1	DRR099478
44	DRX092957	1	DRR099479
45	DRX092958	1	DRR099480
46	DRX092959	1	DRR099481
47	DRX092960	1	DRR099482
48	DRX092961	1	DRR099483
49	DRX092962	1	DRR099484
50	DRX092963	1	DRR099485
51	DRX092964	1	DRR099486
52	DRX092965	1	DRR099487
53	DRX092966	1	DRR099488
54	DRX092967	1	DRR099489
55	DRX092968	1	DRR099490
56	DRX092969	1	DRR099491
57	DRX092970	1	DRR099492
58	DRX092971	1	DRR099493
59	DRX092972	1	DRR099494
60	DRX092973	1	DRR099495
61	DRX092974	1	DRR099496
62	DRX092975	1	DRR099497
63	DRX092976	1	DRR099498
64	DRX092977	1	DRR099499
65	DRX092978	1	DRR099500
66	DRX155559	1	DRR164940
67	DRX155560	1	DRR164941
68	DRX155561	1	DRR164942
69	DRX155562	1	DRR164943
70	DRX155563	1	DRR164944
71	DRX155564	1	DRR164945
72	DRX155565	1	DRR164946
73	DRX155566	1	DRR164947
74	DRX155567	1	DRR164948
75	DRX155568	1	DRR164949
76	DRX155569	1	DRR164950
77	DRX155570	1	DRR164951
78	DRX159883	1	DRR169269
79	DRX159884	1	DRR169270
80	DRX159885	1	DRR169271
81	DRX159886	1	DRR169272
82	DRX159887	1	DRR169273
83	DRX159888	1	DRR169274
84	DRX159889	1	DRR169275
85	DRX159890	1	DRR169276
86	DRX159891	1	DRR169277
87	DRX159892	1	DRR169278
88	DRX159893	1	DRR169279
89	DRX159894	1	DRR169280
90	DRX159895	1	DRR169281
91	DRX159896	1	DRR169282
92	DRX159897	1	DRR169283
93	DRX159898	1	DRR169284
94	DRX159899	1	DRR169285
95	DRX159900	1	DRR169286
96	DRX159901	1	DRR169287
97	DRX159902	1	DRR169288
98	DRX159903	1	DRR169289
99	DRX159904	1	DRR169290
100	DRX159905	1	DRR169291
101	DRX159906	1	DRR169292
102	DRX159907	1	DRR169293
103	DRX159908	1	DRR169294
104	DRX159909	1	DRR169295
105	DRX159910	1	DRR169296
106	DRX159911	1	DRR169297
107	DRX159912	1	DRR169298
108	DRX159913	1	DRR169299
109	DRX159914	1	DRR169300
110	DRX159915	1	DRR169301
111	DRX159916	1	DRR169302
112	DRX159917	1	DRR169303
113	DRX508486	1	DRR524604
114	DRX508487	1	DRR524605
115	DRX508490	1	DRR524608
116	DRX508491	1	DRR524609
117	DRX508494	1	DRR524612
118	DRX508495	1	DRR524613
119	DRX508498	1	DRR524616
120	DRX508499	1	DRR524617
121	DRX508502	1	DRR524620
122	DRX508503	1	DRR524621
123	DRX508506	1	DRR524624
124	DRX508507	1	DRR524625
125	DRX508510	1	DRR524628
126	DRX508511	1	DRR524629
127	DRX686803	1	DRR706779
128	DRX686804	1	DRR706780
129	DRX686805	1	DRR706781
130	DRX686806	1	DRR706782
131	DRX686807	1	DRR706783
132	DRX686808	1	DRR706784
133	DRX686812	1	DRR706788
134	DRX686813	1	DRR706789
135	DRX686814	1	DRR706790
136	ERX10195011	1	ERR10745711
137	ERX10195012	1	ERR10745712
138	ERX10195013	1	ERR10745713
139	ERX10195014	1	ERR10745714
140	ERX10195015	1	ERR10745715
141	ERX10195016	1	ERR10745716
142	ERX10195017	1	ERR10745717
143	ERX10195018	1	ERR10745718
144	ERX10195019	1	ERR10745719
145	ERX10195020	1	ERR10745720
146	ERX10195021	1	ERR10745721
147	ERX10195022	1	ERR10745722
148	ERX10195023	1	ERR10745723
149	ERX10195024	1	ERR10745724
150	ERX10195025	1	ERR10745725
151	ERX10195026	1	ERR10745726
152	ERX10195027	1	ERR10745727
153	ERX10195028	1	ERR10745728
154	ERX10195029	1	ERR10745729
155	ERX10195030	1	ERR10745730
156	ERX10195031	1	ERR10745731
157	ERX10195032	1	ERR10745732
158	ERX10195033	1	ERR10745733
159	ERX10195034	1	ERR10745734
160	ERX10195035	1	ERR10745735
161	ERX10195036	1	ERR10745736
162	ERX10195037	1	ERR10745737
163	ERX10195038	1	ERR10745738
164	ERX10195039	1	ERR10745739
165	ERX10195040	1	ERR10745740
166	ERX10195041	1	ERR10745741
167	ERX10195042	1	ERR10745742
168	ERX10195043	1	ERR10745743
169	ERX10195044	1	ERR10745744
170	ERX10195045	1	ERR10745745
171	ERX10195046	1	ERR10745746
172	ERX10195047	1	ERR10745747
173	ERX10195048	1	ERR10745748
174	ERX10195049	1	ERR10745749
175	ERX10195050	1	ERR10745750
176	ERX10195051	1	ERR10745751
177	ERX10195052	1	ERR10745752
178	ERX10195053	1	ERR10745753
179	ERX10195054	1	ERR10745754
180	ERX10195055	1	ERR10745755
181	ERX10195056	1	ERR10745756
182	ERX10195057	1	ERR10745757
183	ERX14404618	1	ERR15000453
184	ERX14404619	1	ERR15000454
185	ERX14404620	1	ERR15000455
186	ERX14404621	1	ERR15000456
187	ERX14404622	1	ERR15000457
188	ERX14404623	1	ERR15000458
189	ERX14404624	1	ERR15000459
190	ERX14404625	1	ERR15000460
191	ERX14404626	1	ERR15000461
192	ERX14404627	1	ERR15000462
193	ERX14404628	1	ERR15000463
194	ERX14404629	1	ERR15000464
195	ERX14404630	1	ERR15000465
196	ERX14404631	1	ERR15000466
197	ERX14404632	1	ERR15000467
198	ERX14404633	1	ERR15000468
199	ERX14404634	1	ERR15000469
200	ERX14404635	1	ERR15000470
201	ERX14404636	1	ERR15000471
202	ERX14404637	1	ERR15000472
203	ERX14404638	1	ERR15000473
204	ERX14404639	1	ERR15000474
205	ERX14404640	1	ERR15000475
206	ERX14404641	1	ERR15000476
207	ERX14404642	1	ERR15000477
208	ERX14404643	1	ERR15000478
209	ERX14404651	1	ERR15000486
210	ERX14404662	1	ERR15000497
211	ERX14404673	1	ERR15000508
212	ERX14404684	1	ERR15000519
213	ERX14404695	1	ERR15000530
214	ERX14404705	1	ERR15000540
215	ERX16120883	1	ERR16729274
216	ERX16120884	1	ERR16729275
217	ERX16120885	1	ERR16729276
218	ERX16120886	1	ERR16729277
219	ERX16120887	1	ERR16729278
220	ERX16120888	1	ERR16729279
221	ERX16120889	1	ERR16729280
222	ERX16120890	1	ERR16729281
223	ERX16120891	1	ERR16729282
224	ERX16120892	1	ERR16729283
225	ERX16120893	1	ERR16729284
226	ERX16120894	1	ERR16729285
227	ERX16120895	1	ERR16729286
228	ERX16120896	1	ERR16729287
229	ERX16120897	1	ERR16729288
230	ERX16120898	1	ERR16729289
231	ERX16120899	1	ERR16729290
232	ERX16120900	1	ERR16729291
233	ERX16120901	1	ERR16729292
234	ERX16120902	1	ERR16729293
235	ERX16120903	1	ERR16729294
236	ERX16120904	1	ERR16729295
237	ERX16120905	1	ERR16729296
238	ERX16120906	1	ERR16729297
239	ERX2043467	1	ERR1983091
240	ERX2043468	1	ERR1983092
241	ERX2043469	1	ERR1983093
242	ERX2043470	1	ERR1983094
243	ERX2043471	1	ERR1983095
244	ERX2043472	1	ERR1983096
245	ERX2043473	1	ERR1983097
246	ERX2609474	1	ERR2593198
247	ERX2609475	1	ERR2593199
248	ERX2609476	1	ERR2593200
249	ERX2609477	1	ERR2593201
250	ERX2609478	1	ERR2593202
251	ERX2609479	1	ERR2593203
252	ERX2609480	1	ERR2593204
253	ERX2609481	1	ERR2593205
254	ERX2609482	1	ERR2593206
255	ERX3004241	1	ERR3001877
256	ERX3004242	1	ERR3001878
257	ERX3004243	1	ERR3001879
258	ERX3004244	1	ERR3001880
259	ERX3004245	1	ERR3001881
260	ERX3004246	1	ERR3001882
261	ERX3004247	1	ERR3001883
262	ERX3004248	1	ERR3001884
263	ERX3004249	1	ERR3001885
264	ERX3004250	1	ERR3001886
265	ERX3004251	1	ERR3001887
266	ERX3004252	1	ERR3001888
267	ERX3004253	1	ERR3001889
268	ERX3004254	1	ERR3001890
269	ERX3004255	1	ERR3001891
270	ERX3004256	1	ERR3001892
271	ERX3004257	1	ERR3001893
272	ERX3004258	1	ERR3001894
273	ERX3398172	1	ERR3374020
274	ERX3398173	1	ERR3374021
275	ERX3398174	1	ERR3374022
276	ERX3398175	1	ERR3374023
277	ERX3398176	1	ERR3374024
278	ERX3398177	1	ERR3374025
279	ERX3398178	1	ERR3374026
280	ERX3398179	1	ERR3374027
281	ERX3398180	1	ERR3374028
282	ERX3398181	1	ERR3374029
283	ERX332409	1	ERR359637
284	ERX332410	1	ERR359638
285	ERX3659832	1	ERR3668300
286	ERX3659833	1	ERR3668301
287	ERX3659834	1	ERR3668302
288	ERX3659835	1	ERR3668303
289	ERX3659836	1	ERR3668304
290	ERX3659837	1	ERR3668305
291	ERX3659838	1	ERR3668306
292	ERX3659839	1	ERR3668307
293	ERX3659840	1	ERR3668308
294	ERX3659841	1	ERR3668309
295	ERX3659842	1	ERR3668310
296	ERX3659843	1	ERR3668311
297	ERX3659844	1	ERR3668312
298	ERX3975423	1	ERR3972086
299	ERX3975424	1	ERR3972087
300	ERX3975425	1	ERR3972088
301	ERX3975426	1	ERR3972089
302	ERX3975427	1	ERR3972090
303	ERX3975428	1	ERR3972091
304	ERX3975429	1	ERR3972092
305	ERX3975430	1	ERR3972093
306	ERX3975431	1	ERR3972094
307	ERX3975432	1	ERR3972095
308	ERX3975433	1	ERR3972096
309	ERX3975434	1	ERR3972097
310	ERX4147361	1	ERR4184070
311	ERX4147362	1	ERR4184071
312	ERX4147363	1	ERR4184072
313	ERX4147364	1	ERR4184073
314	ERX4147365	1	ERR4184074
315	ERX4147366	1	ERR4184075
316	ERX4147367	1	ERR4184076
317	ERX4147368	1	ERR4184077
318	ERX4147369	1	ERR4184078
319	ERX4147370	1	ERR4184079
320	ERX4147371	1	ERR4184080
321	ERX4147372	1	ERR4184081
322	ERX4147373	1	ERR4184082
323	ERX4147374	1	ERR4184083
324	ERX4268279	1	ERR4319912
325	ERX4268280	1	ERR4319913
326	ERX4268281	1	ERR4319914
327	ERX4268282	1	ERR4319915
328	ERX4268283	1	ERR4319916
329	ERX4268284	1	ERR4319917
330	ERX4268285	1	ERR4319918
331	ERX4268286	1	ERR4319919
332	ERX4268287	1	ERR4319920
333	ERX4268288	1	ERR4319921
334	ERX4268289	1	ERR4319922
335	ERX4268290	1	ERR4319923
336	ERX4268291	1	ERR4319924
337	ERX4268292	1	ERR4319925
338	ERX4268293	1	ERR4319926
339	ERX4268294	1	ERR4319927
340	ERX4268295	1	ERR4319928
341	ERX4268296	1	ERR4319929
342	ERX4268297	1	ERR4319930
343	ERX4268298	1	ERR4319931
344	ERX4268299	1	ERR4319932
345	ERX4268300	1	ERR4319933
346	ERX4268301	1	ERR4319934
347	ERX4268302	1	ERR4319935
348	ERX4268303	1	ERR4319936
349	ERX4268304	1	ERR4319937
350	ERX4268305	1	ERR4319938
351	ERX6987504	1	ERR7417863
352	ERX6987505	1	ERR7417864
353	ERX6987506	1	ERR7417865
354	ERX6987507	1	ERR7417866
355	ERX6987508	1	ERR7417867
356	ERX6987509	1	ERR7417868
357	ERX6987510	1	ERR7417869
358	ERX6987511	1	ERR7417870
359	ERX7572626	1	ERR8006957
360	ERX7572627	1	ERR8006958
361	SRX7182892	1	SRR10493804
362	SRX7182893	1	SRR10493805
363	SRX7182894	1	SRR10493806
364	SRX7182895	1	SRR10493807
365	SRX7182896	1	SRR10493808
366	SRX7182897	1	SRR10493809
367	SRX7182898	1	SRR10493810
368	SRX7182899	1	SRR10493811
369	SRX7182900	1	SRR10493812
370	SRX7182901	1	SRR10493813
371	SRX7182902	1	SRR10493814
372	SRX7182904	1	SRR10493816
373	SRX7182905	1	SRR10493817
374	SRX7182906	1	SRR10493818
375	SRX7182907	1	SRR10493819
376	SRX7182934	1	SRR10493846
377	SRX7182935	1	SRR10493847
378	SRX7182936	1	SRR10493848
379	SRX7182937	1	SRR10493849
380	SRX7182938	1	SRR10493850
381	SRX7182939	1	SRR10493851
382	SRX7182940	1	SRR10493852
383	SRX7182941	1	SRR10493853
384	SRX7182942	1	SRR10493854
385	SRX7182943	1	SRR10493855
386	SRX7182944	1	SRR10493856
387	SRX7182945	1	SRR10493857
388	SRX7182946	1	SRR10493858
389	SRX7182947	1	SRR10493859
390	SRX7182948	1	SRR10493860
391	SRX7182949	1	SRR10493861
392	SRX7182950	1	SRR10493862
393	SRX7182951	1	SRR10493863
394	SRX7182952	1	SRR10493864
395	SRX7182953	1	SRR10493865
396	SRX7182954	1	SRR10493866
397	SRX7182955	1	SRR10493867
398	SRX7182956	1	SRR10493868
399	SRX7182957	1	SRR10493869
400	SRX7182958	1	SRR10493870
401	SRX7182959	1	SRR10493871
402	SRX7182960	1	SRR10493872
403	SRX7182961	1	SRR10493873
404	SRX7182962	1	SRR10493874
405	SRX7182963	1	SRR10493875
406	SRX7182964	1	SRR10493876
407	SRX7182965	1	SRR10493877
408	SRX7182966	1	SRR10493878
409	SRX7182967	1	SRR10493879
410	SRX7182968	1	SRR10493880
411	SRX7182969	1	SRR10493881
412	SRX7254149	1	SRR10572657
413	SRX7254148	1	SRR10572658
414	SRX7254147	1	SRR10572659
415	SRX7254146	1	SRR10572660
416	SRX7254145	1	SRR10572661
417	SRX7254144	1	SRR10572662
418	SRX7254143	1	SRR10572663
419	SRX7254142	1	SRR10572664
420	SRX7347961	1	SRR10669486
421	SRX7347962	1	SRR10669487
422	SRX7347963	1	SRR10669488
423	SRX7347964	1	SRR10669489
424	SRX7656770	4	SRR10995631;SRR10995632;SRR10995633;SRR10995634
425	SRX7656771	4	SRR10995635;SRR10995636;SRR10995637;SRR10995638
426	SRX7656772	4	SRR10995639;SRR10995640;SRR10995641;SRR10995642
427	SRX7656773	4	SRR10995643;SRR10995644;SRR10995645;SRR10995646
428	SRX7656774	4	SRR10995647;SRR10995648;SRR10995649;SRR10995650
429	SRX7656775	4	SRR10995651;SRR10995652;SRR10995653;SRR10995654
430	SRX7656776	4	SRR10995655;SRR10995656;SRR10995657;SRR10995658
431	SRX7656777	4	SRR10995659;SRR10995660;SRR10995661;SRR10995662
432	SRX7656778	4	SRR10995663;SRR10995664;SRR10995665;SRR10995666
433	SRX7656779	4	SRR10995667;SRR10995668;SRR10995669;SRR10995670
434	SRX7656780	4	SRR10995671;SRR10995672;SRR10995673;SRR10995674
435	SRX7656781	4	SRR10995675;SRR10995676;SRR10995677;SRR10995678
436	SRX7656782	4	SRR10995679;SRR10995680;SRR10995681;SRR10995682
437	SRX7656783	4	SRR10995683;SRR10995684;SRR10995685;SRR10995686
438	SRX7656784	4	SRR10995687;SRR10995688;SRR10995689;SRR10995690
439	SRX7656785	4	SRR10995691;SRR10995692;SRR10995693;SRR10995694
440	SRX7656786	4	SRR10995695;SRR10995696;SRR10995697;SRR10995698
441	SRX7656787	4	SRR10995699;SRR10995700;SRR10995701;SRR10995702
442	SRX7805411	1	SRR11184908
443	SRX7805410	1	SRR11184909
444	SRX7805409	1	SRR11184910
445	SRX7805408	1	SRR11184911
446	SRX7805407	1	SRR11184912
447	SRX7805406	1	SRR11184913
448	SRX7805404	1	SRR11184914
449	SRX7805403	1	SRR11184915
450	SRX7805402	1	SRR11184916
451	SRX7805405	1	SRR11184917
452	SRX7805401	1	SRR11184918
453	SRX7805400	1	SRR11184919
454	SRX7805399	1	SRR11184920
455	SRX7805398	1	SRR11184921
456	SRX7952186	1	SRR11350303
457	SRX7952185	1	SRR11350304
458	SRX7952184	1	SRR11350305
459	SRX7952183	1	SRR11350306
460	SRX7952182	1	SRR11350307
461	SRX7952181	1	SRR11350308
462	SRX7952180	1	SRR11350309
463	SRX7952179	1	SRR11350310
464	SRX7952178	1	SRR11350311
465	SRX7952177	1	SRR11350312
466	SRX7952176	1	SRR11350313
467	SRX7952175	1	SRR11350314
468	SRX7952174	1	SRR11350315
469	SRX7952173	1	SRR11350316
470	SRX7952172	1	SRR11350317
471	SRX7952171	1	SRR11350318
472	SRX7952170	1	SRR11350319
473	SRX8280955	1	SRR11721629
474	SRX8280954	1	SRR11721630
475	SRX8280953	1	SRR11721631
476	SRX8280952	1	SRR11721632
477	SRX8280951	1	SRR11721633
478	SRX8280950	1	SRR11721634
479	SRX8280949	1	SRR11721635
480	SRX8280948	1	SRR11721636
481	SRX8280947	1	SRR11721637
482	SRX8280946	1	SRR11721638
483	SRX8280945	1	SRR11721639
484	SRX8280944	1	SRR11721640
485	SRX8280943	1	SRR11721641
486	SRX8280942	1	SRR11721642
487	SRX8280941	1	SRR11721643
488	SRX8280940	1	SRR11721644
489	SRX8280939	1	SRR11721645
490	SRX8280938	1	SRR11721646
491	SRX8280937	1	SRR11721647
492	SRX8280936	1	SRR11721648
493	SRX8280935	1	SRR11721649
494	SRX8280934	1	SRR11721650
495	SRX8280933	1	SRR11721651
496	SRX8280932	1	SRR11721652
497	SRX8280931	1	SRR11721653
498	SRX8280930	1	SRR11721654
499	SRX8280929	1	SRR11721655
500	SRX8280928	1	SRR11721656
501	SRX8280927	1	SRR11721657
502	SRX8280926	1	SRR11721658
503	SRX8707288	1	SRR12194145
504	SRX8707287	1	SRR12194146
505	SRX8707286	1	SRR12194147
506	SRX8707283	1	SRR12194150
507	SRX8707282	1	SRR12194151
508	SRX8707281	1	SRR12194152
509	SRX9074579	1	SRR12587964
510	SRX9074578	1	SRR12587965
511	SRX9074577	1	SRR12587966
512	SRX9074576	1	SRR12587967
513	SRX9101117	2	SRR12618082;SRR12618083
514	SRX9101118	2	SRR12618084;SRR12618085
515	SRX9101119	2	SRR12618086;SRR12618087
516	SRX9101120	2	SRR12618088;SRR12618089
517	SRX9101121	4	SRR12618090;SRR12618091;SRR12618092;SRR12618093
518	SRX9101122	2	SRR12618094;SRR12618095
519	SRX9101123	2	SRR12618096;SRR12618097
520	SRX9101124	2	SRR12618098;SRR12618099
521	SRX9101125	2	SRR12618100;SRR12618101
522	SRX9101126	2	SRR12618102;SRR12618103
523	SRX9101127	2	SRR12618104;SRR12618105
524	SRX9101128	2	SRR12618106;SRR12618107
525	SRX9101129	4	SRR12618108;SRR12618109;SRR12618110;SRR12618111
526	SRX9101130	2	SRR12618112;SRR12618113
527	SRX9101131	2	SRR12618114;SRR12618115
528	SRX9101132	2	SRR12618116;SRR12618117
529	SRX9101133	4	SRR12618118;SRR12618119;SRR12618120;SRR12618121
530	SRX9101134	2	SRR12618122;SRR12618123
531	SRX9101135	2	SRR12618124;SRR12618125
532	SRX9101136	2	SRR12618126;SRR12618127
533	SRX9101137	2	SRR12618128;SRR12618129
534	SRX9101138	2	SRR12618130;SRR12618131
535	SRX9101139	2	SRR12618132;SRR12618133
536	SRX9101140	2	SRR12618134;SRR12618135
537	SRX9101141	2	SRR12618136;SRR12618137
538	SRX9101142	2	SRR12618138;SRR12618139
539	SRX11178688	1	SRR14860925
540	SRX11178687	1	SRR14860926
541	SRX11178686	1	SRR14860927
542	SRX11178685	1	SRR14860928
543	SRX11178684	1	SRR14860929
544	SRX11178683	1	SRR14860930
545	SRX11178682	1	SRR14860931
546	SRX11178681	1	SRR14860932
547	SRX11178680	1	SRR14860933
548	SRX11178679	1	SRR14860934
549	SRX11178678	1	SRR14860935
550	SRX11178677	1	SRR14860936
551	SRX11178676	1	SRR14860937
552	SRX11178675	1	SRR14860938
553	SRX11178674	1	SRR14860939
554	SRX11178673	1	SRR14860940
555	SRX11178672	1	SRR14860941
556	SRX11178671	1	SRR14860942
557	SRX11420376	1	SRR15111551
558	SRX11420375	1	SRR15111552
559	SRX11420374	1	SRR15111553
560	SRX11420373	1	SRR15111554
561	SRX11420372	1	SRR15111555
562	SRX11420371	1	SRR15111556
563	SRX11420370	1	SRR15111557
564	SRX11420369	1	SRR15111558
565	SRX11420368	1	SRR15111559
566	SRX11420367	1	SRR15111560
567	SRX11420366	1	SRR15111561
568	SRX11420365	1	SRR15111562
569	SRX11420364	1	SRR15111563
570	SRX11420363	1	SRR15111564
571	SRX11420362	1	SRR15111565
572	SRX11420361	1	SRR15111566
573	SRX11420360	1	SRR15111567
574	SRX11420359	1	SRR15111568
575	SRX11420358	1	SRR15111569
576	SRX11420357	1	SRR15111570
577	SRX11420356	1	SRR15111571
578	SRX11420355	1	SRR15111572
579	SRX11420354	1	SRR15111573
580	SRX11420353	1	SRR15111574
581	SRX11420352	1	SRR15111575
582	SRX11420351	1	SRR15111576
583	SRX11420350	1	SRR15111577
584	SRX11420349	1	SRR15111578
585	SRX11420348	1	SRR15111579
586	SRX11420347	1	SRR15111580
587	SRX653805	1	SRR1516214
588	SRX653806	1	SRR1516215
589	SRX653807	1	SRR1516216
590	SRX653808	1	SRR1516217
591	SRX11527351	1	SRR15221365
592	SRX11527350	1	SRR15221366
593	SRX11527349	1	SRR15221367
594	SRX11527348	1	SRR15221368
595	SRX11527347	1	SRR15221369
596	SRX11527346	1	SRR15221370
597	SRX11527345	1	SRR15221371
598	SRX11527344	1	SRR15221372
599	SRX11527343	1	SRR15221373
600	SRX11527342	1	SRR15221374
601	SRX11527341	1	SRR15221375
602	SRX11527340	1	SRR15221376
603	SRX11527339	1	SRR15221377
604	SRX11527338	1	SRR15221378
605	SRX11527337	1	SRR15221379
606	SRX11527336	1	SRR15221380
607	SRX11527335	1	SRR15221381
608	SRX11527334	1	SRR15221382
609	SRX11527333	1	SRR15221383
610	SRX11527332	1	SRR15221384
611	SRX11527331	1	SRR15221385
612	SRX11527330	1	SRR15221386
613	SRX11527329	1	SRR15221387
614	SRX11527328	1	SRR15221388
615	SRX11527327	1	SRR15221389
616	SRX11527326	1	SRR15221390
617	SRX11527325	1	SRR15221391
618	SRX11527324	1	SRR15221392
619	SRX11527323	1	SRR15221393
620	SRX11527322	1	SRR15221394
621	SRX11527321	1	SRR15221395
622	SRX11527320	1	SRR15221396
623	SRX11527319	1	SRR15221397
624	SRX11527318	1	SRR15221398
625	SRX11527317	1	SRR15221399
626	SRX11527316	1	SRR15221400
627	SRX11857249	1	SRR15559102
628	SRX11857248	1	SRR15559103
629	SRX11857247	1	SRR15559104
630	SRX11857246	1	SRR15559105
631	SRX11857244	1	SRR15559106
632	SRX11857243	1	SRR15559107
633	SRX11857242	1	SRR15559108
634	SRX11857245	1	SRR15559109
635	SRX11857241	1	SRR15559110
636	SRX11857240	1	SRR15559111
637	SRX11857239	1	SRR15559112
638	SRX11857238	1	SRR15559113
639	SRX11857236	1	SRR15559114
640	SRX11857235	1	SRR15559115
641	SRX11857234	1	SRR15559116
642	SRX11857237	1	SRR15559117
643	SRX11857233	1	SRR15559118
644	SRX11857232	1	SRR15559119
645	SRX11857231	1	SRR15559120
646	SRX11857230	1	SRR15559121
647	SRX12214016	1	SRR15923892
648	SRX12214008	1	SRR15923900
649	SRX12214007	1	SRR15923901
650	SRX12995938	1	SRR16796943
651	SRX12995937	1	SRR16796944
652	SRX12995936	1	SRR16796945
653	SRX12995935	1	SRR16796946
654	SRX12995932	1	SRR16796949
655	SRX12995921	1	SRR16796960
656	SRX12995910	1	SRR16796971
657	SRX12995909	1	SRR16796972
658	SRX13171165	1	SRR16980320
659	SRX13171164	1	SRR16980321
660	SRX13171163	1	SRR16980322
661	SRX13171162	1	SRR16980323
662	SRX13171161	1	SRR16980324
663	SRX13171160	1	SRR16980325
664	SRX13171159	1	SRR16980326
665	SRX13171158	1	SRR16980327
666	SRX13171157	1	SRR16980328
667	SRX13171156	1	SRR16980329
668	SRX13171155	1	SRR16980330
669	SRX13171154	1	SRR16980331
670	SRX13171153	1	SRR16980332
671	SRX13171152	1	SRR16980333
672	SRX13171151	1	SRR16980334
673	SRX13171150	1	SRR16980335
674	SRX13171149	1	SRR16980336
675	SRX13171148	1	SRR16980337
676	SRX13171147	1	SRR16980338
677	SRX13171146	1	SRR16980339
678	SRX13171145	1	SRR16980340
679	SRX13171144	1	SRR16980341
680	SRX13171143	1	SRR16980342
681	SRX13171142	1	SRR16980343
682	SRX13171141	1	SRR16980344
683	SRX13171140	1	SRR16980345
684	SRX13171139	1	SRR16980346
685	SRX13171138	1	SRR16980347
686	SRX13171137	1	SRR16980348
687	SRX13171136	1	SRR16980349
688	SRX13171135	1	SRR16980350
689	SRX13171134	1	SRR16980351
690	SRX13171133	1	SRR16980352
691	SRX13171132	1	SRR16980353
692	SRX13171131	1	SRR16980354
693	SRX13171130	1	SRR16980355
694	SRX13171129	1	SRR16980356
695	SRX13171128	1	SRR16980357
696	SRX13171127	1	SRR16980358
697	SRX13171126	1	SRR16980359
698	SRX13171125	1	SRR16980360
699	SRX13171124	1	SRR16980361
700	SRX13171123	1	SRR16980362
701	SRX13171122	1	SRR16980363
702	SRX13171121	1	SRR16980364
703	SRX13171120	1	SRR16980365
704	SRX13171119	1	SRR16980366
705	SRX13171118	1	SRR16980367
706	SRX13171117	1	SRR16980368
707	SRX13171116	1	SRR16980369
708	SRX13171115	1	SRR16980370
709	SRX13171114	1	SRR16980371
710	SRX13171113	1	SRR16980372
711	SRX13171112	1	SRR16980373
712	SRX13171111	1	SRR16980374
713	SRX13171110	1	SRR16980375
714	SRX13171109	1	SRR16980376
715	SRX13273392	6	SRR17085234;SRR17085235;SRR17085236;SRR17085237;SRR17085238;SRR17085239
716	SRX13273391	6	SRR17085240;SRR17085241;SRR17085242;SRR17085243;SRR17085244;SRR17085245
717	SRX13273390	4	SRR17085246;SRR17085247;SRR17085248;SRR17085249
718	SRX13273389	6	SRR17085250;SRR17085251;SRR17085252;SRR17085253;SRR17085254;SRR17085255
719	SRX13273388	6	SRR17085256;SRR17085257;SRR17085258;SRR17085259;SRR17085260;SRR17085261
720	SRX13273387	4	SRR17085262;SRR17085263;SRR17085264;SRR17085265
721	SRX13273386	6	SRR17085266;SRR17085267;SRR17085268;SRR17085269;SRR17085270;SRR17085271
722	SRX13273385	6	SRR17085272;SRR17085273;SRR17085274;SRR17085275;SRR17085276;SRR17085277
723	SRX13273384	6	SRR17085278;SRR17085279;SRR17085280;SRR17085281;SRR17085282;SRR17085283
724	SRX13273383	6	SRR17085284;SRR17085285;SRR17085286;SRR17085287;SRR17085288;SRR17085289
725	SRX13273382	6	SRR17085290;SRR17085291;SRR17085292;SRR17085293;SRR17085294;SRR17085295
726	SRX13273381	6	SRR17085296;SRR17085297;SRR17085298;SRR17085299;SRR17085300;SRR17085301
727	SRX13273380	6	SRR17085302;SRR17085303;SRR17085304;SRR17085305;SRR17085306;SRR17085307
728	SRX13273379	6	SRR17085308;SRR17085309;SRR17085310;SRR17085311;SRR17085312;SRR17085313
729	SRX13273378	6	SRR17085314;SRR17085315;SRR17085316;SRR17085317;SRR17085318;SRR17085319
730	SRX13273377	6	SRR17085320;SRR17085321;SRR17085322;SRR17085323;SRR17085324;SRR17085325
731	SRX13273376	6	SRR17085326;SRR17085327;SRR17085328;SRR17085329;SRR17085330;SRR17085331
732	SRX13273375	6	SRR17085332;SRR17085333;SRR17085334;SRR17085335;SRR17085336;SRR17085337
733	SRX13273374	6	SRR17085338;SRR17085339;SRR17085340;SRR17085341;SRR17085342;SRR17085343
734	SRX14311064	1	SRR18163655
735	SRX14311063	1	SRR18163656
736	SRX14311062	1	SRR18163657
737	SRX14311061	1	SRR18163658
738	SRX14311060	1	SRR18163659
739	SRX14311059	1	SRR18163660
740	SRX14311058	1	SRR18163661
741	SRX14311057	1	SRR18163662
742	SRX14311056	1	SRR18163663
743	SRX14311055	1	SRR18163664
744	SRX14311054	1	SRR18163665
745	SRX14311053	1	SRR18163666
746	SRX14311052	1	SRR18163667
747	SRX14311051	1	SRR18163668
748	SRX14311050	1	SRR18163669
749	SRX14491410	1	SRR18356112
750	SRX14491409	1	SRR18356113
751	SRX14633673	1	SRR18502223
752	SRX14633672	1	SRR18502224
753	SRX14633671	1	SRR18502225
754	SRX14633670	1	SRR18502226
755	SRX14633669	1	SRR18502227
756	SRX14633668	1	SRR18502228
757	SRX14633667	1	SRR18502229
758	SRX14633666	1	SRR18502230
759	SRX14633665	1	SRR18502231
760	SRX14633664	1	SRR18502232
761	SRX14633663	1	SRR18502233
762	SRX14633662	1	SRR18502234
763	SRX14633661	1	SRR18502235
764	SRX14633660	1	SRR18502236
765	SRX14633659	1	SRR18502237
766	SRX14633658	1	SRR18502238
767	SRX15316780	1	SRR19256295
768	SRX15316779	1	SRR19256296
769	SRX15316778	1	SRR19256297
770	SRX15316777	1	SRR19256298
771	SRX15316776	1	SRR19256299
772	SRX15316775	1	SRR19256300
773	SRX15316774	1	SRR19256301
774	SRX15316773	1	SRR19256302
775	SRX15316772	1	SRR19256303
776	SRX15316771	1	SRR19256304
777	SRX15316770	1	SRR19256305
778	SRX15316769	1	SRR19256306
779	SRX18122743	1	SRR22143436
780	SRX18122742	1	SRR22143437
781	SRX18122735	1	SRR22143444
782	SRX18122734	1	SRR22143445
783	SRX18122733	1	SRR22143446
784	SRX18122732	1	SRR22143447
785	SRX18122731	1	SRR22143448
786	SRX18122730	1	SRR22143449
787	SRX18223562	1	SRR22246869
788	SRX18223561	1	SRR22246870
789	SRX18223560	1	SRR22246871
790	SRX18223559	1	SRR22246872
791	SRX18223558	1	SRR22246873
792	SRX18223557	1	SRR22246874
793	SRX18223556	1	SRR22246875
794	SRX18223555	1	SRR22246876
795	SRX18223554	1	SRR22246877
796	SRX18223553	1	SRR22246878
797	SRX18223552	1	SRR22246879
798	SRX18223551	1	SRR22246880
799	SRX18223550	1	SRR22246881
800	SRX18223549	1	SRR22246882
801	SRX18223548	1	SRR22246883
802	SRX18223547	1	SRR22246884
803	SRX18223546	1	SRR22246885
804	SRX18223545	1	SRR22246886
805	SRX18223544	1	SRR22246887
806	SRX18223543	1	SRR22246888
807	SRX18223542	1	SRR22246889
808	SRX18223541	1	SRR22246890
809	SRX18223540	1	SRR22246891
810	SRX18223539	1	SRR22246892
811	SRX18223538	1	SRR22246893
812	SRX18223537	1	SRR22246894
813	SRX18223536	1	SRR22246895
814	SRX18223535	1	SRR22246896
815	SRX18223534	1	SRR22246897
816	SRX18223533	1	SRR22246898
817	SRX18223532	1	SRR22246899
818	SRX18223531	1	SRR22246900
819	SRX18223530	1	SRR22246901
820	SRX18223529	1	SRR22246902
821	SRX18223528	1	SRR22246903
822	SRX18223527	1	SRR22246904
823	SRX18769908	1	SRR22810189
824	SRX18769907	1	SRR22810190
825	SRX18769906	1	SRR22810191
826	SRX18769905	1	SRR22810192
827	SRX18769904	1	SRR22810193
828	SRX18769903	1	SRR22810194
829	SRX19488787	1	SRR23603787
830	SRX19488786	1	SRR23603788
831	SRX19488785	1	SRR23603789
832	SRX19488784	1	SRR23603790
833	SRX19488783	1	SRR23603791
834	SRX19488782	1	SRR23603792
835	SRX19488781	1	SRR23603793
836	SRX19488780	1	SRR23603794
837	SRX19488779	1	SRR23603795
838	SRX19488778	1	SRR23603796
839	SRX19488777	1	SRR23603797
840	SRX19488776	1	SRR23603798
841	SRX19488775	1	SRR23603799
842	SRX19488754	1	SRR23603800
843	SRX19488773	1	SRR23603801
844	SRX19488772	1	SRR23603802
845	SRX19488771	1	SRR23603803
846	SRX19488770	1	SRR23603804
847	SRX19488769	1	SRR23603805
848	SRX19488768	1	SRR23603806
849	SRX19488767	1	SRR23603807
850	SRX19488766	1	SRR23603808
851	SRX19488765	1	SRR23603809
852	SRX19488764	1	SRR23603810
853	SRX19488763	1	SRR23603811
854	SRX19488762	1	SRR23603812
855	SRX19488761	1	SRR23603813
856	SRX19488760	1	SRR23603814
857	SRX19488759	1	SRR23603815
858	SRX19488758	1	SRR23603816
859	SRX19488757	1	SRR23603817
860	SRX19488756	1	SRR23603818
861	SRX19488755	1	SRR23603819
862	SRX19488734	1	SRR23603820
863	SRX19488753	1	SRR23603821
864	SRX19488752	1	SRR23603822
865	SRX19488751	1	SRR23603823
866	SRX19488750	1	SRR23603824
867	SRX19488749	1	SRR23603825
868	SRX19488748	1	SRR23603826
869	SRX19488747	1	SRR23603827
870	SRX19488746	1	SRR23603828
871	SRX19488745	1	SRR23603829
872	SRX19488744	1	SRR23603830
873	SRX19488743	1	SRR23603831
874	SRX19488742	1	SRR23603832
875	SRX19488741	1	SRR23603833
876	SRX19488740	1	SRR23603834
877	SRX19488739	1	SRR23603835
878	SRX19488738	1	SRR23603836
879	SRX19488737	1	SRR23603837
880	SRX19488736	1	SRR23603838
881	SRX19488735	1	SRR23603839
882	SRX19488774	1	SRR23603840
883	SRX19488733	1	SRR23603841
884	SRX19488732	1	SRR23603842
885	SRX19488731	1	SRR23603843
886	SRX19488730	1	SRR23603844
887	SRX19488729	1	SRR23603845
888	SRX19488728	1	SRR23603846
889	SRX19488727	1	SRR23603847
890	SRX19488726	1	SRR23603848
891	SRX19488725	1	SRR23603849
892	SRX19488724	1	SRR23603850
893	SRX19488723	1	SRR23603851
894	SRX19488722	1	SRR23603852
895	SRX19488721	1	SRR23603853
896	SRX19488720	1	SRR23603854
897	SRX19488719	1	SRR23603855
898	SRX19488718	1	SRR23603856
899	SRX19488717	1	SRR23603857
900	SRX19488716	1	SRR23603858
901	SRX19488715	1	SRR23603859
902	SRX19488714	1	SRR23603860
903	SRX19488713	1	SRR23603861
904	SRX19488712	1	SRR23603862
905	SRX19488711	1	SRR23603863
906	SRX19488710	1	SRR23603864
907	SRX19488709	1	SRR23603865
908	SRX19488708	1	SRR23603866
909	SRX19488707	1	SRR23603867
910	SRX19488706	1	SRR23603868
911	SRX19488705	1	SRR23603869
912	SRX19488704	1	SRR23603870
913	SRX19488703	1	SRR23603871
914	SRX19488702	1	SRR23603872
915	SRX19488701	1	SRR23603873
916	SRX19488700	1	SRR23603874
917	SRX19488699	1	SRR23603875
918	SRX19488698	1	SRR23603876
919	SRX19488697	1	SRR23603877
920	SRX19488696	1	SRR23603878
921	SRX19488695	1	SRR23603879
922	SRX19488694	1	SRR23603880
923	SRX19488693	1	SRR23603881
924	SRX19488692	1	SRR23603882
925	SRX19564102	1	SRR23702453
926	SRX19564101	1	SRR23702454
927	SRX19564100	1	SRR23702455
928	SRX19564099	1	SRR23702456
929	SRX19564098	1	SRR23702457
930	SRX19900050	1	SRR24099901
931	SRX19900049	1	SRR24099902
932	SRX19900048	1	SRR24099903
933	SRX19900047	1	SRR24099904
934	SRX19900046	1	SRR24099905
935	SRX19900045	1	SRR24099906
936	SRX19900044	1	SRR24099907
937	SRX19900043	1	SRR24099908
938	SRX19900042	1	SRR24099909
939	SRX20431028	1	SRR24650910
940	SRX20431027	1	SRR24650911
941	SRX20431026	1	SRR24650912
942	SRX20431025	1	SRR24650913
943	SRX20431024	1	SRR24650914
944	SRX20431023	1	SRR24650915
945	SRX20431022	1	SRR24650916
946	SRX20431021	1	SRR24650917
947	SRX20431020	1	SRR24650918
948	SRX20431019	1	SRR24650919
949	SRX20431018	1	SRR24650920
950	SRX20431017	1	SRR24650921
951	SRX20431016	1	SRR24650922
952	SRX20431015	1	SRR24650923
953	SRX20431014	1	SRR24650924
954	SRX20431013	1	SRR24650925
955	SRX20431012	1	SRR24650926
956	SRX20431011	1	SRR24650927
957	SRX20431010	1	SRR24650928
958	SRX20431009	1	SRR24650929
959	SRX20431008	1	SRR24650930
960	SRX20431007	1	SRR24650931
961	SRX20431006	1	SRR24650932
962	SRX20431005	1	SRR24650933
963	SRX20431004	1	SRR24650934
964	SRX20431003	1	SRR24650935
965	SRX20431002	1	SRR24650936
966	SRX20431001	1	SRR24650937
967	SRX20431000	1	SRR24650938
968	SRX20430999	1	SRR24650939
969	SRX20430998	1	SRR24650940
970	SRX20430997	1	SRR24650941
971	SRX20430996	1	SRR24650942
972	SRX20430995	1	SRR24650943
973	SRX20430994	1	SRR24650944
974	SRX20430993	1	SRR24650945
975	SRX20430992	1	SRR24650946
976	SRX20430991	1	SRR24650947
977	SRX20430990	1	SRR24650948
978	SRX20430989	1	SRR24650949
979	SRX20430988	1	SRR24650950
980	SRX20430987	1	SRR24650951
981	SRX20430986	1	SRR24650952
982	SRX20430985	1	SRR24650953
983	SRX20430984	1	SRR24650954
984	SRX20430983	1	SRR24650955
985	SRX20430982	1	SRR24650956
986	SRX20430981	1	SRR24650957
987	SRX20430980	1	SRR24650958
988	SRX20430979	1	SRR24650959
989	SRX20430978	1	SRR24650960
990	SRX20430977	1	SRR24650961
991	SRX20430976	1	SRR24650962
992	SRX20430975	1	SRR24650963
993	SRX20430974	1	SRR24650964
994	SRX20430973	1	SRR24650965
995	SRX20430972	1	SRR24650966
996	SRX20430971	1	SRR24650967
997	SRX20430970	1	SRR24650968
998	SRX20430969	1	SRR24650969
999	SRX20430968	1	SRR24650970
1000	SRX20430967	1	SRR24650971
1001	SRX20430966	1	SRR24650972
1002	SRX20430965	1	SRR24650973
1003	SRX20430964	1	SRR24650974
1004	SRX20430963	1	SRR24650975
1005	SRX20430962	1	SRR24650976
1006	SRX20430961	1	SRR24650977
1007	SRX20430960	1	SRR24650978
1008	SRX20430959	1	SRR24650979
1009	SRX20430958	1	SRR24650980
1010	SRX20430957	1	SRR24650981
1011	SRX20430956	1	SRR24650982
1012	SRX20430955	1	SRR24650983
1013	SRX20430954	1	SRR24650984
1014	SRX20430953	1	SRR24650985
1015	SRX20430952	1	SRR24650986
1016	SRX20430951	1	SRR24650987
1017	SRX20430950	1	SRR24650988
1018	SRX20430949	1	SRR24650989
1019	SRX20430948	1	SRR24650990
1020	SRX20430947	1	SRR24650991
1021	SRX20430946	1	SRR24650992
1022	SRX20430945	1	SRR24650993
1023	SRX20430944	1	SRR24650994
1024	SRX20430943	1	SRR24650995
1025	SRX20430942	1	SRR24650996
1026	SRX20431036	1	SRR24650997
1027	SRX20431035	1	SRR24650998
1028	SRX20431034	1	SRR24650999
1029	SRX20431033	1	SRR24651000
1030	SRX20431032	1	SRR24651001
1031	SRX20431031	1	SRR24651002
1032	SRX20431030	1	SRR24651003
1033	SRX20431029	1	SRR24651004
1034	SRX20932350	1	SRR25184716
1035	SRX20932349	1	SRR25184717
1036	SRX20932348	1	SRR25184718
1037	SRX20932347	1	SRR25184719
1038	SRX20932346	1	SRR25184720
1039	SRX20932345	1	SRR25184721
1040	SRX23955098	1	SRR28349048
1041	SRX23955097	1	SRR28349049
1042	SRX23955096	1	SRR28349050
1043	SRX23955095	1	SRR28349051
1044	SRX23955094	1	SRR28349052
1045	SRX23955093	1	SRR28349053
1046	SRX23955092	1	SRR28349054
1047	SRX23955091	1	SRR28349055
1048	SRX23955090	1	SRR28349056
1049	SRX23955089	1	SRR28349057
1050	SRX23955088	1	SRR28349058
1051	SRX23955087	1	SRR28349059
1052	SRX23955086	1	SRR28349060
1053	SRX23955085	1	SRR28349061
1054	SRX23955084	1	SRR28349062
1055	SRX23955083	1	SRR28349063
1056	SRX24017562	1	SRR28413170
1057	SRX24017561	1	SRR28413171
1058	SRX1436207	1	SRR2922597
1059	SRX1436208	1	SRR2922598
1060	SRX1436209	1	SRR2922599
1061	SRX1436210	1	SRR2922600
1062	SRX1436211	1	SRR2922601
1063	SRX1436212	1	SRR2922602
1064	SRX1436213	1	SRR2922603
1065	SRX1436214	1	SRR2922604
1066	SRX1436215	1	SRR2922605
1067	SRX1436216	1	SRR2922606
1068	SRX24954114	1	SRR29441690
1069	SRX24954113	1	SRR29441691
1070	SRX24954112	1	SRR29441692
1071	SRX24954111	1	SRR29441693
1072	SRX24954110	1	SRR29441694
1073	SRX24954109	1	SRR29441695
1074	SRX24954108	1	SRR29441696
1075	SRX24954107	1	SRR29441697
1076	SRX24954106	1	SRR29441698
1077	SRX24954105	1	SRR29441699
1078	SRX24954104	1	SRR29441700
1079	SRX24954103	1	SRR29441701
1080	SRX25176403	1	SRR29672912
1081	SRX25176402	1	SRR29672913
1082	SRX25176394	1	SRR29672921
1083	SRX25176390	1	SRR29672924
1084	SRX25176387	1	SRR29672926
1085	SRX25176386	1	SRR29672927
1086	SRX25176389	1	SRR29672928
1087	SRX25176391	1	SRR29672929
1088	SRX25176385	1	SRR29672930
1089	SRX25176383	1	SRR29672931
1090	SRX25176381	1	SRR29672932
1091	SRX25176378	1	SRR29672934
1092	SRX25176382	1	SRR29672936
1093	SRX25176376	1	SRR29672939
1094	SRX1457795	1	SRR2968323
1095	SRX1457796	1	SRR2968324
1096	SRX1457797	1	SRR2968325
1097	SRX1457798	1	SRR2968326
1098	SRX1457799	1	SRR2968327
1099	SRX1457800	1	SRR2968328
1100	SRX1570960	1	SRR3161757
1101	SRX1570961	1	SRR3161758
1102	SRX1570962	1	SRR3161759
1103	SRX1570963	1	SRR3161760
1104	SRX1570964	1	SRR3161761
1105	SRX1570965	1	SRR3161762
1106	SRX1570966	1	SRR3161763
1107	SRX1570967	1	SRR3161764
1108	SRX1570968	1	SRR3161765
1109	SRX1570969	1	SRR3161766
1110	SRX1570970	1	SRR3161767
1111	SRX1570971	1	SRR3161768
1112	SRX1570972	1	SRR3161769
1113	SRX1570973	1	SRR3161770
1114	SRX1570974	1	SRR3161771
1115	SRX1570975	1	SRR3161772
1116	SRX1570976	1	SRR3161773
1117	SRX1570977	1	SRR3161774
1118	SRX1570978	1	SRR3161775
1119	SRX1570979	1	SRR3161776
1120	SRX1570980	1	SRR3161777
1121	SRX1570981	1	SRR3161778
1122	SRX1570982	1	SRR3161779
1123	SRX1570983	1	SRR3161780
1124	SRX1570984	1	SRR3161781
1125	SRX1570985	1	SRR3161782
1126	SRX1570986	1	SRR3161783
1127	SRX1570987	1	SRR3161784
1128	SRX1570988	1	SRR3161785
1129	SRX1570989	1	SRR3161786
1130	SRX1570990	1	SRR3161787
1131	SRX1570991	1	SRR3161788
1132	SRX1570992	1	SRR3161789
1133	SRX1570993	1	SRR3161790
1134	SRX1570994	1	SRR3161791
1135	SRX1570995	1	SRR3161792
1136	SRX1570996	1	SRR3161793
1137	SRX1570997	1	SRR3161794
1138	SRX1570998	1	SRR3161795
1139	SRX1570999	1	SRR3161796
1140	SRX1655601	2	SRR3284443;SRR3284444
1141	SRX1655602	2	SRR3284445;SRR3284446
1142	SRX1655603	2	SRR3284447;SRR3284448
1143	SRX1655607	2	SRR3284455;SRR3284456
1144	SRX1655608	2	SRR3284457;SRR3284458
1145	SRX1655609	2	SRR3284459;SRR3284460
1146	SRX28445686	1	SRR33198151
1147	SRX28445685	1	SRR33198152
1148	SRX28445684	1	SRR33198153
1149	SRX28445683	1	SRR33198154
1150	SRX28445682	1	SRR33198155
1151	SRX28445680	1	SRR33198156
1152	SRX28445679	1	SRR33198157
1153	SRX28445678	1	SRR33198158
1154	SRX28445681	1	SRR33198159
1155	SRX28445677	1	SRR33198160
1156	SRX28445676	1	SRR33198161
1157	SRX28445675	1	SRR33198162
1158	SRX28445674	1	SRR33198163
1159	SRX28445673	1	SRR33198164
1160	SRX28445672	1	SRR33198165
1161	SRX28445671	1	SRR33198166
1162	SRX28445670	1	SRR33198167
1163	SRX28445669	1	SRR33198168
1164	SRX28553915	1	SRR33309095
1165	SRX28553914	1	SRR33309096
1166	SRX28553913	1	SRR33309097
1167	SRX28553912	1	SRR33309098
1168	SRX28553911	1	SRR33309099
1169	SRX28553910	1	SRR33309100
1170	SRX28553909	1	SRR33309101
1171	SRX28553908	1	SRR33309102
1172	SRX28553907	1	SRR33309103
1173	SRX28553905	1	SRR33309104
1174	SRX28553904	1	SRR33309105
1175	SRX28553903	1	SRR33309106
1176	SRX28553906	1	SRR33309107
1177	SRX28553902	1	SRR33309108
1178	SRX28553901	1	SRR33309109
1179	SRX28553900	1	SRR33309110
1180	SRX28553899	1	SRR33309111
1181	SRX28553897	1	SRR33309112
1182	SRX28553896	1	SRR33309113
1183	SRX28553895	1	SRR33309114
1184	SRX28553898	1	SRR33309115
1185	SRX28553894	1	SRR33309116
1186	SRX28553893	1	SRR33309117
1187	SRX28553892	1	SRR33309118
1188	SRX28553891	1	SRR33309119
1189	SRX28553889	1	SRR33309120
1190	SRX28553888	1	SRR33309121
1191	SRX28553887	1	SRR33309122
1192	SRX28553890	1	SRR33309123
1193	SRX28553886	1	SRR33309124
1194	SRX28553885	1	SRR33309125
1195	SRX28553884	1	SRR33309126
1196	SRX28553883	1	SRR33309127
1197	SRX1712536	1	SRR3401399
1198	SRX1712537	1	SRR3401401
1199	SRX1712689	1	SRR3401745
1200	SRX1712691	1	SRR3401746
1201	SRX1712692	1	SRR3401747
1202	SRX1712693	1	SRR3401748
1203	SRX1712694	1	SRR3401749
1204	SRX1712695	1	SRR3401750
1205	SRX1712696	1	SRR3401751
1206	SRX1712697	1	SRR3401752
1207	SRX30705858	1	SRR35653646
1208	SRX30705857	1	SRR35653647
1209	SRX30705856	1	SRR35653648
1210	SRX30705855	1	SRR35653649
1211	SRX30705854	1	SRR35653650
1212	SRX30705853	1	SRR35653651
1213	SRX30705852	1	SRR35653652
1214	SRX30705851	1	SRR35653653
1215	SRX30705850	1	SRR35653654
1216	SRX31259000	1	SRR36222935
1217	SRX31258999	1	SRR36222936
1218	SRX31258998	1	SRR36222937
1219	SRX31258997	1	SRR36222938
1220	SRX31258996	1	SRR36222939
1221	SRX31258995	1	SRR36222940
1222	SRX31258994	1	SRR36222941
1223	SRX31258993	1	SRR36222942
1224	SRX31674380	1	SRR36663596
1225	SRX31674379	1	SRR36663597
1226	SRX31674378	1	SRR36663598
1227	SRX31674377	1	SRR36663599
1228	SRX31674376	1	SRR36663600
1229	SRX31674375	1	SRR36663601
1230	SRX31707199	1	SRR36699389
1231	SRX31707198	1	SRR36699390
1232	SRX31707197	1	SRR36699391
1233	SRX31707196	1	SRR36699392
1234	SRX31707195	1	SRR36699393
1235	SRX31707194	1	SRR36699394
1236	SRX33099502	1	SRR38262918
1237	SRX33099501	1	SRR38262919
1238	SRX33099500	1	SRR38262920
1239	SRX33099499	1	SRR38262921
1240	SRX33099713	1	SRR38263132
1241	SRX1971986	1	SRR3946101
1242	SRX1971987	1	SRR3946102
1243	SRX1971988	1	SRR3946103
1244	SRX1971989	1	SRR3946104
1245	SRX1971990	1	SRR3946105
1246	SRX1971991	1	SRR3946106
1247	SRX1971992	1	SRR3946107
1248	SRX1971993	1	SRR3946108
1249	SRX1971994	1	SRR3946109
1250	SRX1971995	1	SRR3946110
1251	SRX1971996	1	SRR3946111
1252	SRX1971997	1	SRR3946112
1253	SRX34192516	1	SRR39497722
1254	SRX34192515	1	SRR39497723
1255	SRX34192514	1	SRR39497724
1256	SRX34194511	1	SRR39499716
1257	SRX34194510	1	SRR39499717
1258	SRX34194509	1	SRR39499718
1259	SRX34194508	1	SRR39499719
1260	SRX34197920	1	SRR39503241
1261	SRX34197919	1	SRR39503242
1262	SRX34197918	1	SRR39503243
1263	SRX34197917	1	SRR39503244
1264	SRX34199678	1	SRR39505007
1265	SRX34199677	1	SRR39505008
1266	SRX34199676	1	SRR39505009
1267	SRX34199675	1	SRR39505010
1268	SRX34201582	1	SRR39506912
1269	SRX34201581	1	SRR39506913
1270	SRX34201580	1	SRR39506914
1271	SRX34201579	1	SRR39506915
1272	SRX34203865	1	SRR39511190
1273	SRX34203864	1	SRR39511191
1274	SRX34203863	1	SRR39511192
1275	SRX34203862	1	SRR39511193
1276	SRX34250725	1	SRR39561849
1277	SRX34250724	1	SRR39561850
1278	SRX34250723	1	SRR39561851
1279	SRX34250722	1	SRR39561852
1280	SRX34250721	1	SRR39561853
1281	SRX34250720	1	SRR39561854
1282	SRX34250719	1	SRR39561855
1283	SRX34250718	1	SRR39561856
1284	SRX34250717	1	SRR39561857
1285	SRX34250716	1	SRR39561858
1286	SRX34250715	1	SRR39561859
1287	SRX34250714	1	SRR39561860
1288	SRX34813914	1	SRR40188909
1289	SRX34813913	1	SRR40188910
1290	SRX34813911	1	SRR40188912
1291	SRX34813910	1	SRR40188913
1292	SRX34926297	1	SRR40310829
1293	SRX34926296	1	SRR40310830
1294	SRX34926295	1	SRR40310831
1295	SRX34926294	1	SRR40310832
1296	SRX34926293	1	SRR40310833
1297	SRX34926292	1	SRR40310834
1298	SRX34926291	1	SRR40310835
1299	SRX34926290	1	SRR40310836
1300	SRX34926288	1	SRR40310838
1301	SRX34926287	1	SRR40310839
1302	SRX34926286	1	SRR40310840
1303	SRX2026831	1	SRR4035674
1304	SRX2026832	1	SRR4035675
1305	SRX2026833	1	SRR4035676
1306	SRX2026834	1	SRR4035677
1307	SRX2026835	1	SRR4035678
1308	SRX2026836	1	SRR4035679
1309	SRX2026837	1	SRR4035680
1310	SRX2026838	1	SRR4035681
1311	SRX2026839	1	SRR4035682
1312	SRX2600494	1	SRR5298325
1313	SRX2654728	1	SRR5358888
1314	SRX2654730	1	SRR5358890
1315	SRX2701774	1	SRR5409489
1316	SRX2701775	1	SRR5409490
1317	SRX2701776	1	SRR5409491
1318	SRX2701777	1	SRR5409492
1319	SRX2991083	1	SRR5812564
1320	SRX2991084	1	SRR5812565
1321	SRX2991085	1	SRR5812566
1322	SRX2991086	1	SRR5812567
1323	SRX2991087	1	SRR5812568
1324	SRX2991088	1	SRR5812569
1325	SRX2991089	2	SRR5812570;SRR5812571
1326	SRX2991090	2	SRR5812572;SRR5812573
1327	SRX2991091	2	SRR5812574;SRR5812575
1328	SRX2991092	2	SRR5812576;SRR5812577
1329	SRX2991093	2	SRR5812578;SRR5812579
1330	SRX2991094	2	SRR5812580;SRR5812581
1331	SRX3340585	1	SRR6232157
1332	SRX3340727	1	SRR6232300
1333	SRX4292704	1	SRR7421882
1334	SRX4626197	1	SRR7770742
1335	SRX4626198	1	SRR7770743
1336	SRX4626199	1	SRR7770744
1337	SRX4626200	1	SRR7770745
1338	SRX4626201	1	SRR7770746
1339	SRX4626202	1	SRR7770747
1340	SRX4626203	1	SRR7770748
1341	SRX4626204	1	SRR7770749
1342	SRX4634288	1	SRR7779168
1343	SRX4634289	1	SRR7779169
1344	SRX4634290	1	SRR7779170
1345	SRX4634291	1	SRR7779171
1346	SRX4634292	1	SRR7779172
1347	SRX4634293	1	SRR7779173
1348	SRX4634294	1	SRR7779174
1349	SRX4634295	1	SRR7779175
1350	SRX4634296	1	SRR7779176
1351	SRX4634297	1	SRR7779177
1352	SRX4634298	1	SRR7779178
1353	SRX4634299	1	SRR7779179
1354	SRX4634300	1	SRR7779180
1355	SRX4634301	1	SRR7779181
1356	SRX4634302	1	SRR7779182
1357	SRX4634303	1	SRR7779183
1358	SRX4634304	1	SRR7779184
1359	SRX4634305	1	SRR7779185
1360	SRX4634306	1	SRR7779186
1361	SRX4634307	1	SRR7779187
1362	SRX4634308	1	SRR7779188
1363	SRX4634309	1	SRR7779189
1364	SRX4634310	1	SRR7779190
1365	SRX4634311	1	SRR7779191
1366	SRX4634312	1	SRR7779192
1367	SRX4634313	1	SRR7779193
1368	SRX4634314	1	SRR7779194
1369	SRX4634315	1	SRR7779195
1370	SRX4634316	1	SRR7779196
1371	SRX4634317	1	SRR7779197
1372	SRX4634318	1	SRR7779198
1373	SRX4634319	1	SRR7779199
1374	SRX4634320	1	SRR7779200
1375	SRX4634321	1	SRR7779201
1376	SRX4634322	1	SRR7779202
1377	SRX4634323	1	SRR7779203
1378	SRX4986365	1	SRR8165621
1379	SRX4986364	1	SRR8165622
1380	SRX4986363	1	SRR8165623
1381	SRX4986362	1	SRR8165624
1382	SRX4986361	1	SRR8165625
1383	SRX4986360	1	SRR8165626
1384	SRX4986359	1	SRR8165627
1385	SRX4986358	1	SRR8165628
1386	SRX4986357	1	SRR8165629
1387	SRX4986356	1	SRR8165630
1388	SRX4986353	1	SRR8165633
1389	SRX4986351	1	SRR8165635
1390	SRX4986350	1	SRR8165636
1391	SRX4986349	1	SRR8165637
1392	SRX4986348	1	SRR8165638
1393	SRX4986335	1	SRR8165651
1394	SRX4986334	1	SRR8165652
1395	SRX4986333	1	SRR8165653
1396	SRX4986332	1	SRR8165654
1397	SRX4986331	1	SRR8165655
1398	SRX4986330	1	SRR8165656
1399	SRX4986329	1	SRR8165657
1400	SRX4986328	1	SRR8165658
1401	SRX4986327	1	SRR8165659
1402	SRX4986326	1	SRR8165660
1403	SRX4986325	1	SRR8165661
1404	SRX4986324	1	SRR8165662
1405	SRX4986323	1	SRR8165663
1406	SRX4986322	1	SRR8165664
1407	SRX4986321	1	SRR8165665
1408	SRX4986320	1	SRR8165666
1409	SRX4986319	1	SRR8165667
1410	SRX4986318	1	SRR8165668
1411	SRX4986316	1	SRR8165670
1412	SRX4986315	1	SRR8165671
1413	SRX4986312	1	SRR8165674
1414	SRX4986311	1	SRR8165675
1415	SRX4986309	1	SRR8165677
1416	SRX4986308	1	SRR8165678
1417	SRX4986307	1	SRR8165679
1418	SRX4986306	1	SRR8165680
1419	SRX4986305	1	SRR8165681
1420	SRX4986304	1	SRR8165682
1421	SRX4986303	1	SRR8165683
1422	SRX4986302	1	SRR8165684
1423	SRX5910664	1	SRR9137503
1424	SRX5910665	1	SRR9137504
1425	SRX5910666	1	SRR9137505
1426	SRX5910667	1	SRR9137506
1427	SRX5910668	1	SRR9137507
1428	SRX5910669	1	SRR9137508
1429	SRX5910670	1	SRR9137509
1430	SRX5910671	1	SRR9137510
1431	SRX5924873	1	SRR9151757
1432	SRX5924874	1	SRR9151758
1433	SRX5924875	1	SRR9151759
1434	SRX5924876	1	SRR9151760
1435	SRX5924877	1	SRR9151761
1436	SRX5924878	1	SRR9151762
1437	SRX5924879	1	SRR9151763
1438	SRX5924880	1	SRR9151764
1439	SRX5924881	1	SRR9151765
1440	SRX5924882	1	SRR9151766
1441	SRX5924883	1	SRR9151767
1442	SRX5924884	1	SRR9151768
1443	SRX6384003	4	SRR9620991;SRR9620992;SRR9620993;SRR9620994
1444	SRX6384004	4	SRR9620995;SRR9620996;SRR9620997;SRR9620998
1445	SRX6384005	4	SRR9620999;SRR9621000;SRR9621001;SRR9621002
1446	SRX6384006	4	SRR9621003;SRR9621004;SRR9621005;SRR9621006
1447	SRX6384007	4	SRR9621007;SRR9621008;SRR9621009;SRR9621010
1448	SRX6384008	4	SRR9621011;SRR9621012;SRR9621013;SRR9621014
1449	SRX6384009	4	SRR9621015;SRR9621016;SRR9621017;SRR9621018
1450	SRX6384010	4	SRR9621019;SRR9621020;SRR9621021;SRR9621022
1451	SRX6384011	4	SRR9621023;SRR9621024;SRR9621025;SRR9621026
1452	SRX6384012	4	SRR9621027;SRR9621028;SRR9621029;SRR9621030
1453	SRX6384013	4	SRR9621031;SRR9621032;SRR9621033;SRR9621034
1454	SRX6384014	4	SRR9621035;SRR9621036;SRR9621037;SRR9621038
1455	SRX6384015	4	SRR9621039;SRR9621040;SRR9621041;SRR9621042
1456	SRX6384016	4	SRR9621043;SRR9621044;SRR9621045;SRR9621046
1457	SRX6384017	4	SRR9621047;SRR9621048;SRR9621049;SRR9621050
1458	SRX6384018	4	SRR9621051;SRR9621052;SRR9621053;SRR9621054
1459	SRX6384019	4	SRR9621055;SRR9621056;SRR9621057;SRR9621058
1460	SRX6384020	4	SRR9621059;SRR9621060;SRR9621061;SRR9621062
1461	SRX6384021	4	SRR9621063;SRR9621064;SRR9621065;SRR9621066
1462	SRX6384022	4	SRR9621067;SRR9621068;SRR9621069;SRR9621070
1463	SRX6384023	4	SRR9621071;SRR9621072;SRR9621073;SRR9621074
1464	SRX6384024	4	SRR9621075;SRR9621076;SRR9621077;SRR9621078
1465	SRX6384025	4	SRR9621079;SRR9621080;SRR9621081;SRR9621082
1466	SRX6384026	4	SRR9621083;SRR9621084;SRR9621085;SRR9621086
1467	SRX6461459	1	SRR9703434
1468	SRX6461460	1	SRR9703435
1469	SRX6461461	1	SRR9703436
1470	SRX6601534	1	SRR9846909
1471	SRX6601535	1	SRR9846910
1472	SRX6601536	1	SRR9846911
1473	SRX6601537	1	SRR9846912
